adv_counts	path	text	NO
adv_counts	day	date	NO
adv_counts	counter	int8	NO
b_ips	ip	inet	NO
b_ips	mod_id	int4	NO
b_ips	date	timestamptz	NO
b_ips	reason	varchar	YES
b_ips	ban_date	timestamptz	YES
b_ips	allow_posting	bool	YES
b_ips	captcha_required	bool	YES
ban_info	userid	int4	NO
ban_info	bandate	timestamptz	NO
ban_info	reason	text	NO
ban_info	ban_by	int4	NO
comments	id	int4	NO
comments	topic	int4	NO
comments	userid	int4	NO
comments	title	varchar	NO
comments	postdate	timestamptz	NO
comments	replyto	int4	YES
comments	deleted	bool	NO
comments	postip	inet	YES
comments	ua_id	int4	YES
comments	editor_id	int4	YES
comments	edit_date	timestamp	YES
comments	edit_count	int4	YES
comments	reactions	jsonb	NO
del_info	msgid	int4	NO
del_info	delby	int4	NO
del_info	reason	text	YES
del_info	deldate	timestamptz	YES
del_info	bonus	int4	YES
edit_info	id	int4	NO
edit_info	msgid	int4	NO
edit_info	editor	int4	NO
edit_info	oldmessage	text	YES
edit_info	editdate	timestamptz	NO
edit_info	oldtitle	text	YES
edit_info	oldtags	text	YES
edit_info	oldlinktext	text	YES
edit_info	oldurl	text	YES
edit_info	object_type	edit_event_type	NO
edit_info	oldminor	bool	YES
edit_info	oldimage	int4	YES
edit_info	oldpoll	jsonb	YES
edit_info	oldaddimages	_int4	YES
email_domains_block	domain	text	NO
email_domains_block	block_until	timestamptz	NO
email_domains_block	auto	bool	NO
email_domains_block	moderator_id	int4	YES
email_domains_block	blocked_at	timestamptz	NO
groups	id	int4	NO
groups	title	varchar	NO
groups	image	varchar	YES
groups	section	int4	NO
groups	stat3	int4	NO
groups	restrict_topics	int4	YES
groups	info	text	YES
groups	restrict_comments	int4	NO
groups	longinfo	text	YES
groups	resolvable	bool	NO
groups	urlname	text	NO
ignore_list	userid	int4	NO
ignore_list	ignored	int4	NO
images	id	int4	NO
images	topic	int4	NO
images	deleted	bool	NO
images	extension	text	NO
images	main	bool	NO
memories	id	int4	NO
memories	userid	int4	NO
memories	topic	int4	NO
memories	add_date	timestamptz	NO
memories	watch	bool	NO
message_warnings	id	int4	NO
message_warnings	topic	int4	NO
message_warnings	comment	int4	YES
message_warnings	postdate	timestamptz	NO
message_warnings	author	int4	NO
message_warnings	message	text	NO
message_warnings	warning_type	warning_type	NO
message_warnings	closed_by	int4	YES
message_warnings	closed_when	timestamptz	YES
monthly_stats	section	int4	YES
monthly_stats	year	int4	NO
monthly_stats	month	int4	NO
monthly_stats	c	int4	NO
monthly_stats	groupid	int4	YES
msgbase	id	int8	NO
msgbase	message	text	NO
msgbase	markup	markup_type	NO
polls	id	int4	NO
polls	topic	int4	NO
polls	multiselect	bool	NO
polls_variants	id	int4	NO
polls_variants	vote	int4	NO
polls_variants	label	text	NO
polls_variants	votes	int4	NO
reactions_log	origin_user	int4	NO
reactions_log	topic_id	int4	NO
reactions_log	comment_id	int4	YES
reactions_log	set_date	timestamptz	NO
reactions_log	reaction	text	NO
sections	id	int4	NO
sections	name	varchar	NO
sections	moderate	bool	NO
sections	imagepost	bool	NO
sections	linktext	varchar	YES
sections	havelink	bool	NO
sections	expire	interval	NO
sections	vote	bool	YES
sections	scroll_mode	varchar	NO
sections	restrict_topics	int4	YES
sections	imageallowed	bool	NO
tags	msgid	int4	YES
tags	tagid	int4	YES
tags_synonyms	value	text	NO
tags_synonyms	tagid	int4	NO
tags_values	id	int4	NO
tags_values	counter	int4	YES
tags_values	value	varchar	NO
telegram_posts	topic_id	int4	NO
telegram_posts	telegram_id	int4	NO
telegram_posts	postdate	timestamptz	NO
topic_users_notified	topic	int4	NO
topic_users_notified	userid	int4	NO
topics	id	int4	NO
topics	groupid	int4	NO
topics	userid	int4	NO
topics	title	varchar	NO
topics	url	varchar	YES
topics	moderate	bool	NO
topics	postdate	timestamptz	NO
topics	linktext	varchar	YES
topics	deleted	bool	NO
topics	stat1	int4	NO
topics	stat3	int4	NO
topics	lastmod	timestamptz	NO
topics	commitby	int4	YES
topics	notop	bool	NO
topics	commitdate	timestamptz	YES
topics	postscore	int4	YES
topics	postip	inet	YES
topics	sticky	bool	NO
topics	ua_id	int4	YES
topics	resolved	bool	YES
topics	minor	bool	NO
topics	draft	bool	NO
topics	allow_anonymous	bool	NO
topics	reactions	jsonb	NO
topics	open_warnings	int4	NO
user_agents	id	int4	NO
user_agents	name	varchar	YES
user_events	userid	int4	NO
user_events	type	event_type	NO
user_events	private	bool	NO
user_events	event_date	timestamptz	NO
user_events	message_id	int4	YES
user_events	comment_id	int4	YES
user_events	message	text	YES
user_events	unread	bool	NO
user_events	id	int4	NO
user_events	origin_user	int4	YES
user_events	warning_id	int4	YES
user_invites	invite_code	text	NO
user_invites	owner	int4	NO
user_invites	issue_date	timestamptz	NO
user_invites	invited_user	int4	YES
user_invites	email	text	NO
user_invites	valid_until	timestamptz	NO
user_log	id	int4	NO
user_log	userid	int4	NO
user_log	action_userid	int4	NO
user_log	action_date	timestamptz	NO
user_log	action	user_log_action	NO
user_log	info	hstore	NO
user_remarks	id	int4	NO
user_remarks	user_id	int4	NO
user_remarks	ref_user_id	int4	NO
user_remarks	remark_text	varchar	NO
user_settings	id	int4	NO
user_settings	settings	hstore	NO
user_tags	user_id	int4	YES
user_tags	tag_id	int4	YES
user_tags	is_favorite	bool	YES
users	id	int4	NO
users	name	varchar	YES
users	nick	varchar	NO
users	passwd	varchar	YES
users	url	varchar	YES
users	email	varchar	YES
users	canmod	bool	NO
users	photo	varchar	YES
users	town	varchar	YES
users	candel	bool	NO
users	lostpwd	timestamptz	NO
users	blocked	bool	NO
users	score	int4	YES
users	max_score	int4	YES
users	lastlogin	timestamptz	YES
users	regdate	timestamptz	YES
users	activated	bool	NO
users	corrector	bool	NO
users	userinfo	text	YES
users	unread_events	int4	NO
users	new_email	varchar	YES
users	token_generation	int4	YES
users	frozen_until	timestamptz	YES
users	frozen_by	int4	YES
users	freezing_reason	varchar	YES
users	userinfo_markup	markup_type	NO
vote_users	vote	int4	NO
vote_users	userid	int4	NO
vote_users	variant_id	int4	YES
