acl	function.comins()	[null]
acl	function.create_user_agent(character varying)	[null]
acl	function.get_branch_authors(comment integer)	[null]
acl	function.get_title(bigint)	[null]
acl	function.msgdel()	[null]
acl	function.msgundel()	[null]
acl	function.new_event()	[null]
acl	function.normalize_email(email text)	[null]
acl	function.stat_update()	[null]
acl	function.stat_update2()	[null]
acl	function.topins()	[null]
acl	function.update_monthly_stats()	[null]
acl	sequence.edit_info_id_seq	["{maxcom=rwU/maxcom,linuxweb=rw/maxcom}"]
acl	sequence.images_id_seq	["{maxcom=rwU/maxcom,linuxweb=w/maxcom}"]
acl	sequence.memories_id_seq	["{maxcom=rwU/maxcom,linuxweb=rw/maxcom}"]
acl	sequence.message_warnings_id_seq	[null]
acl	sequence.s_guid	["{maxcom=rwU/maxcom,linuxweb=rw/maxcom}"]
acl	sequence.s_msg	[null]
acl	sequence.s_msgid	["{maxcom=rwU/maxcom,linuxweb=rwU/maxcom}"]
acl	sequence.s_uid	["{maxcom=rwU/maxcom,linuxweb=rw/maxcom}"]
acl	sequence.tags_values_id_seq	["{maxcom=rwU/maxcom,linuxweb=w/maxcom}"]
acl	sequence.user_agents_id_seq	["{maxcom=rwU/maxcom,linuxweb=w/maxcom}"]
acl	sequence.user_events_id_seq	["{maxcom=rwU/maxcom,linuxweb=rwU/maxcom}"]
acl	sequence.user_log_id_seq	["{maxcom=rwU/maxcom,linuxweb=U/maxcom}"]
acl	sequence.user_remarks_id_seq	["{maxcom=rwU/maxcom,linuxweb=w/maxcom}"]
acl	sequence.vote_id	["{maxcom=rwU/maxcom,linuxweb=w/maxcom}"]
acl	sequence.votes_id	["{maxcom=rwU/maxcom,linuxweb=w/maxcom}"]
acl	table.adv_counts	["{maxcom=arwdDxt/maxcom,linuxweb=arw/maxcom}"]
acl	table.b_ips	["{maxcom=arwdDxt/maxcom,linuxweb=arwd/maxcom}"]
acl	table.ban_info	["{maxcom=arwdDxt/maxcom,linuxweb=arwdDxt/maxcom}"]
acl	table.comments	["{maxcom=arwdDxt/maxcom,linuxweb=arwd/maxcom}"]
acl	table.del_info	["{maxcom=arwdDxt/maxcom,linuxweb=arwd/maxcom}"]
acl	table.edit_info	["{maxcom=arwdDxt/maxcom,linuxweb=arw/maxcom}"]
acl	table.email_domains_block	["{maxcom=arwdDxt/maxcom,linuxweb=arwd/maxcom}"]
acl	table.groups	["{maxcom=arwdDxt/maxcom,linuxweb=arwd/maxcom}"]
acl	table.ignore_list	["{maxcom=arwdDxt/maxcom,linuxweb=arwdDxt/maxcom}"]
acl	table.images	["{maxcom=arwdDxt/maxcom,linuxweb=arw/maxcom}"]
acl	table.memories	["{maxcom=arwdDxt/maxcom,linuxweb=arwdDxt/maxcom}"]
acl	table.message_warnings	["{maxcom=arwdDxt/maxcom,linuxweb=arw/maxcom}"]
acl	table.monthly_stats	["{maxcom=arwdDxt/maxcom,linuxweb=arwdDxt/maxcom}"]
acl	table.msgbase	["{maxcom=arwdDxt/maxcom,linuxweb=arw/maxcom}"]
acl	table.polls	["{maxcom=arwdDxt/maxcom,linuxweb=arwd/maxcom}"]
acl	table.polls_variants	["{maxcom=arwdDxt/maxcom,linuxweb=arwd/maxcom}"]
acl	table.reactions_log	["{maxcom=arwdDxt/maxcom,linuxweb=arwdDxt/maxcom}"]
acl	table.sections	["{maxcom=arwdDxt/maxcom,linuxweb=rwd/maxcom}"]
acl	table.tags	["{maxcom=arwdDxt/maxcom,linuxweb=arwdDxt/maxcom}"]
acl	table.tags_synonyms	["{maxcom=arwdDxt/maxcom,linuxweb=arwdDxt/maxcom}"]
acl	table.tags_values	["{maxcom=arwdDxt/maxcom,linuxweb=arwd/maxcom}"]
acl	table.telegram_posts	["{maxcom=arwdDxt/maxcom,linuxweb=ard/maxcom}"]
acl	table.topic_users_notified	["{maxcom=arwdDxt/maxcom,linuxweb=ard/maxcom}"]
acl	table.topics	["{maxcom=arwdDxt/maxcom,linuxweb=arwd/maxcom}"]
acl	table.user_agents	["{maxcom=arwdDxt/maxcom,linuxweb=ar/maxcom}"]
acl	table.user_events	["{maxcom=arwdDxt/maxcom,linuxweb=arwd/maxcom}"]
acl	table.user_invites	["{maxcom=arwdDxt/maxcom,linuxweb=arw/maxcom}"]
acl	table.user_log	["{maxcom=arwdDxt/maxcom,linuxweb=ar/maxcom}"]
acl	table.user_remarks	["{maxcom=arwdDxt/maxcom,linuxweb=arwdDxt/maxcom}"]
acl	table.user_settings	["{maxcom=arwdDxt/maxcom,linuxweb=arwdDxt/maxcom}"]
acl	table.user_tags	["{maxcom=arwdDxt/maxcom,linuxweb=arwdDxt/maxcom}"]
acl	table.users	["{maxcom=arwdDxt/maxcom,linuxweb=arwd/maxcom}"]
acl	table.vote_users	["{maxcom=arwdDxt/maxcom,linuxweb=ar/maxcom}"]
constraint	adv_counts.adv_counts_unique	["u", false, false, true, "UNIQUE (path, day)"]
constraint	ban_info.ban_info_ban_by_fkey	["f", false, false, true, "FOREIGN KEY (ban_by) REFERENCES users(id)"]
constraint	ban_info.ban_info_pkey	["p", false, false, true, "PRIMARY KEY (userid)"]
constraint	ban_info.ban_info_userid_fkey	["f", false, false, true, "FOREIGN KEY (userid) REFERENCES users(id)"]
constraint	comments.comments_editor_id_fkey	["f", false, false, true, "FOREIGN KEY (editor_id) REFERENCES users(id)"]
constraint	comments.comments_pkey	["p", false, false, true, "PRIMARY KEY (id)"]
constraint	comments.comments_replyto_fkey	["f", false, false, true, "FOREIGN KEY (replyto) REFERENCES comments(id)"]
constraint	comments.comments_topic_fkey	["f", false, false, true, "FOREIGN KEY (topic) REFERENCES topics(id)"]
constraint	comments.comments_ua_id_fkey	["f", false, false, true, "FOREIGN KEY (ua_id) REFERENCES user_agents(id)"]
constraint	comments.comments_userid_fkey	["f", false, false, true, "FOREIGN KEY (userid) REFERENCES users(id)"]
constraint	del_info.del_info_delby_fkey	["f", false, false, true, "FOREIGN KEY (delby) REFERENCES users(id)"]
constraint	del_info.del_info_pkey	["p", false, false, true, "PRIMARY KEY (msgid)"]
constraint	edit_info.edit_info_editor_fkey	["f", false, false, true, "FOREIGN KEY (editor) REFERENCES users(id)"]
constraint	edit_info.edit_info_msgid_fkey	["f", false, false, true, "FOREIGN KEY (msgid) REFERENCES msgbase(id)"]
constraint	edit_info.edit_info_pkey	["p", false, false, true, "PRIMARY KEY (id)"]
constraint	email_domains_block.email_domains_block_moderator_fkey	["f", false, false, true, "FOREIGN KEY (moderator_id) REFERENCES users(id) ON DELETE SET NULL"]
constraint	email_domains_block.email_domains_block_pkey	["p", false, false, true, "PRIMARY KEY (domain)"]
constraint	groups.groups_pkey	["p", false, false, true, "PRIMARY KEY (id)"]
constraint	groups.groups_section_fkey	["f", false, false, true, "FOREIGN KEY (section) REFERENCES sections(id)"]
constraint	ignore_list.ignore_list_ignored_fkey	["f", false, false, true, "FOREIGN KEY (ignored) REFERENCES users(id)"]
constraint	ignore_list.ignore_list_pkey	["p", false, false, true, "PRIMARY KEY (userid, ignored)"]
constraint	ignore_list.ignore_list_userid_fkey	["f", false, false, true, "FOREIGN KEY (userid) REFERENCES users(id)"]
constraint	images.images_pkey	["p", false, false, true, "PRIMARY KEY (id)"]
constraint	images.images_topic_fkey	["f", false, false, true, "FOREIGN KEY (topic) REFERENCES topics(id)"]
constraint	memories.memories_pkey	["p", false, false, true, "PRIMARY KEY (id)"]
constraint	memories.memories_topic_fkey	["f", false, false, true, "FOREIGN KEY (topic) REFERENCES topics(id)"]
constraint	memories.memories_userid_fkey	["f", false, false, true, "FOREIGN KEY (userid) REFERENCES users(id)"]
constraint	message_warnings.message_warnings_author_fkey	["f", false, false, true, "FOREIGN KEY (author) REFERENCES users(id)"]
constraint	message_warnings.message_warnings_closed_by_fkey	["f", false, false, true, "FOREIGN KEY (closed_by) REFERENCES users(id)"]
constraint	message_warnings.message_warnings_comment_fkey	["f", false, false, true, "FOREIGN KEY (comment) REFERENCES comments(id)"]
constraint	message_warnings.message_warnings_pkey	["p", false, false, true, "PRIMARY KEY (id)"]
constraint	message_warnings.message_warnings_topic_fkey	["f", false, false, true, "FOREIGN KEY (topic) REFERENCES topics(id)"]
constraint	monthly_stats.monthly_stats_section_fkey	["f", false, false, true, "FOREIGN KEY (section) REFERENCES sections(id)"]
constraint	msgbase.msgbase_pkey	["p", false, false, true, "PRIMARY KEY (id)"]
constraint	polls.votenames_pkey	["p", false, false, true, "PRIMARY KEY (id)"]
constraint	polls_variants.votes_pkey	["p", false, false, true, "PRIMARY KEY (id)"]
constraint	reactions_log.reactions_log_comment_fkey	["f", false, false, true, "FOREIGN KEY (comment_id) REFERENCES comments(id)"]
constraint	reactions_log.reactions_log_topic_fkey	["f", false, false, true, "FOREIGN KEY (topic_id) REFERENCES topics(id)"]
constraint	reactions_log.reactions_log_user_fkey	["f", false, false, true, "FOREIGN KEY (origin_user) REFERENCES users(id)"]
constraint	sections.sections_pkey	["p", false, false, true, "PRIMARY KEY (id)"]
constraint	tags.tags_msgid_fkey	["f", false, false, true, "FOREIGN KEY (msgid) REFERENCES topics(id)"]
constraint	tags.tags_msgid_key	["u", false, false, true, "UNIQUE (msgid, tagid)"]
constraint	tags.tags_tagid_fkey	["f", false, false, true, "FOREIGN KEY (tagid) REFERENCES tags_values(id)"]
constraint	tags_synonyms.tags_synonyms_pkey	["p", false, false, true, "PRIMARY KEY (value)"]
constraint	tags_synonyms.tags_synonyms_tag_fkey	["f", false, false, true, "FOREIGN KEY (tagid) REFERENCES tags_values(id)"]
constraint	tags_values.tags_values_pkey	["p", false, false, true, "PRIMARY KEY (id)"]
constraint	tags_values.tags_values_value_key	["u", false, false, true, "UNIQUE (value)"]
constraint	telegram_posts.telegram_posts_pkey	["p", false, false, true, "PRIMARY KEY (telegram_id)"]
constraint	telegram_posts.telegram_posts_topic_fkey	["f", false, false, true, "FOREIGN KEY (topic_id) REFERENCES topics(id)"]
constraint	topic_users_notified.topic_users_notified_topic_fkey	["f", false, false, true, "FOREIGN KEY (topic) REFERENCES topics(id)"]
constraint	topic_users_notified.topic_users_notified_user_fkey	["f", false, false, true, "FOREIGN KEY (userid) REFERENCES users(id)"]
constraint	topics.topics_commitby_fkey	["f", false, false, true, "FOREIGN KEY (commitby) REFERENCES users(id)"]
constraint	topics.topics_groupid_fkey	["f", false, false, true, "FOREIGN KEY (groupid) REFERENCES groups(id)"]
constraint	topics.topics_ua_id_fkey	["f", false, false, true, "FOREIGN KEY (ua_id) REFERENCES user_agents(id)"]
constraint	topics.topics_userid_fkey	["f", false, false, true, "FOREIGN KEY (userid) REFERENCES users(id)"]
constraint	user_agents.user_agents_name_key	["u", false, false, true, "UNIQUE (name)"]
constraint	user_agents.user_agents_pkey	["p", false, false, true, "PRIMARY KEY (id)"]
constraint	user_events.event_type_origin_fkey	["f", false, false, true, "FOREIGN KEY (origin_user) REFERENCES users(id)"]
constraint	user_events.user_events_comment_id_fkey	["f", false, false, true, "FOREIGN KEY (comment_id) REFERENCES comments(id)"]
constraint	user_events.user_events_message_id_fkey	["f", false, false, true, "FOREIGN KEY (message_id) REFERENCES topics(id)"]
constraint	user_events.user_events_pkey	["p", false, false, true, "PRIMARY KEY (id)"]
constraint	user_events.user_events_userid_fkey	["f", false, false, true, "FOREIGN KEY (userid) REFERENCES users(id)"]
constraint	user_events.user_events_warning_id_fkey	["f", false, false, true, "FOREIGN KEY (warning_id) REFERENCES message_warnings(id)"]
constraint	user_invites.user_invites_invited_fkey	["f", false, false, true, "FOREIGN KEY (invited_user) REFERENCES users(id)"]
constraint	user_invites.user_invites_owner_fkey	["f", false, false, true, "FOREIGN KEY (owner) REFERENCES users(id)"]
constraint	user_invites.user_invites_pkey	["p", false, false, true, "PRIMARY KEY (invite_code)"]
constraint	user_log.user_log_action_userid_fkey	["f", false, false, true, "FOREIGN KEY (action_userid) REFERENCES users(id) ON DELETE CASCADE"]
constraint	user_log.user_log_pkey	["p", false, false, true, "PRIMARY KEY (id)"]
constraint	user_log.user_log_userid_fkey	["f", false, false, true, "FOREIGN KEY (userid) REFERENCES users(id) ON DELETE CASCADE"]
constraint	user_remarks.refuser_remarks_userid_fkey	["f", false, false, true, "FOREIGN KEY (ref_user_id) REFERENCES users(id) ON DELETE CASCADE"]
constraint	user_remarks.user_remarks_pkey	["p", false, false, true, "PRIMARY KEY (id)"]
constraint	user_remarks.user_remarks_userid_fkey	["f", false, false, true, "FOREIGN KEY (user_id) REFERENCES users(id)"]
constraint	user_remarks.user_remarks_userid_refuser	["u", false, false, true, "UNIQUE (user_id, ref_user_id)"]
constraint	user_settings.user_settings_id_fkey	["f", false, false, true, "FOREIGN KEY (id) REFERENCES users(id)"]
constraint	user_settings.user_settings_pkey	["p", false, false, true, "PRIMARY KEY (id)"]
constraint	user_tags.user_tags_tagid_fkey	["f", false, false, true, "FOREIGN KEY (tag_id) REFERENCES tags_values(id)"]
constraint	user_tags.user_tags_userid_fkey	["f", false, false, true, "FOREIGN KEY (user_id) REFERENCES users(id)"]
constraint	users.users_frozen_by_fkey	["f", false, false, true, "FOREIGN KEY (frozen_by) REFERENCES users(id)"]
constraint	users.users_pkey	["p", false, false, true, "PRIMARY KEY (id)"]
constraint	vote_users.vote_users_userid_fkey	["f", false, false, true, "FOREIGN KEY (userid) REFERENCES users(id)"]
constraint	vote_users.vote_users_variant_id_fkey	["f", false, false, true, "FOREIGN KEY (variant_id) REFERENCES polls_variants(id)"]
constraint	vote_users.vote_users_vote_fkey	["f", false, false, true, "FOREIGN KEY (vote) REFERENCES polls(id)"]
default	adv_counts.counter	["0"]
default	b_ips.allow_posting	["false"]
default	b_ips.captcha_required	["true"]
default	ban_info.bandate	["now()"]
default	comments.deleted	["false"]
default	comments.edit_count	["0"]
default	comments.reactions	["'{}'::jsonb"]
default	edit_info.editdate	["now()"]
default	edit_info.id	["nextval('edit_info_id_seq'::regclass)"]
default	edit_info.object_type	["'TOPIC'::edit_event_type"]
default	email_domains_block.blocked_at	["now()"]
default	groups.resolvable	["false"]
default	groups.restrict_comments	["'-9999'::integer"]
default	groups.stat3	["0"]
default	images.deleted	["false"]
default	images.main	["true"]
default	memories.add_date	["now()"]
default	memories.id	["nextval('memories_id_seq'::regclass)"]
default	memories.watch	["true"]
default	message_warnings.postdate	["now()"]
default	message_warnings.warning_type	["'rule'::warning_type"]
default	msgbase.markup	["'BBCODE_TEX'::markup_type"]
default	polls.multiselect	["false"]
default	polls.topic	["0"]
default	polls_variants.votes	["0"]
default	reactions_log.set_date	["now()"]
default	sections.imageallowed	["false"]
default	sections.restrict_topics	["'-50'::integer"]
default	sections.scroll_mode	["'NO_SCROLL'::character varying"]
default	sections.vote	["false"]
default	tags_values.counter	["0"]
default	tags_values.id	["nextval('tags_values_id_seq'::regclass)"]
default	telegram_posts.postdate	["now()"]
default	topics.allow_anonymous	["true"]
default	topics.deleted	["false"]
default	topics.draft	["false"]
default	topics.minor	["false"]
default	topics.moderate	["false"]
default	topics.notop	["false"]
default	topics.open_warnings	["0"]
default	topics.reactions	["'{}'::jsonb"]
default	topics.stat1	["0"]
default	topics.stat3	["0"]
default	topics.sticky	["false"]
default	user_agents.id	["nextval('user_agents_id_seq'::regclass)"]
default	user_agents.name	["''::character varying"]
default	user_events.event_date	["now()"]
default	user_events.id	["nextval('user_events_id_seq'::regclass)"]
default	user_events.unread	["true"]
default	user_invites.issue_date	["now()"]
default	user_log.id	["nextval('user_log_id_seq'::regclass)"]
default	user_tags.is_favorite	["false"]
default	users.activated	["false"]
default	users.blocked	["false"]
default	users.candel	["false"]
default	users.canmod	["false"]
default	users.corrector	["false"]
default	users.lostpwd	["'1970-01-01 00:00:00+00'::timestamp with time zone"]
default	users.token_generation	["0"]
default	users.unread_events	["0"]
default	users.userinfo_markup	["'MARKDOWN'::markup_type"]
function	comins()	["trigger", "plpgsql", "v", "u", false, false, false, false, "\n                                  DECLARE\n                                          cgroup int;\n                                  BEGIN\n                                          SELECT groupid INTO cgroup FROM topics WHERE topics.id = NEW.topic;\n                                          UPDATE topics SET stat1=stat1+1,stat3=stat3+1,lastmod=CURRENT_TIMESTAMP WHERE topics.id = NEW.topic;\n                                          UPDATE groups SET stat3=stat3+1 WHERE id = cgroup;\n                                          RETURN NULL;\n                                  END;\n                                  ", null]
function	create_user_agent(character varying)	["integer", "plpgsql", "v", "u", false, false, true, false, "\nDECLARE ua_id INT;\nBEGIN\n  SELECT count(*) INTO ua_id FROM user_agents WHERE name = $1;\n  IF ua_id=0 THEN\n    BEGIN\n      INSERT INTO user_agents (name) VALUES($1);\n    EXCEPTION WHEN unique_violation THEN\n      -- do nothing\n    END;\n  END IF;\n  SELECT id INTO ua_id FROM  user_agents WHERE name = $1;\n  RETURN ua_id;\nEND;\n", null]
function	get_branch_authors(comment integer)	["SETOF integer", "sql", "v", "s", false, false, false, true, "\n      WITH RECURSIVE r AS\n        (SELECT id, replyto, userid FROM comments WHERE id = comment\n          UNION\n            SELECT comments.id, comments.replyto, comments.userid\n            FROM comments JOIN r ON comments.id = r.replyto\n        ) SELECT distinct userid from r\n      ", null]
function	get_title(bigint)	["character varying", "sql", "v", "u", false, false, false, false, "select title from comments where id=$1 union select title from topics where id=$1", null]
function	msgdel()	["trigger", "plpgsql", "v", "u", false, false, false, false, "\n            BEGIN\n              UPDATE topics SET lastmod=CURRENT_TIMESTAMP WHERE id = NEW.msgid;\n              RETURN NULL;\n            END;\n          ", null]
function	msgundel()	["trigger", "plpgsql", "v", "u", false, false, false, false, "\n                    BEGIN\n                      UPDATE topics SET lastmod=CURRENT_TIMESTAMP WHERE id = OLD.msgid;\n                      RETURN NULL;\n                    END;\n                    ", null]
function	new_event()	["trigger", "plpgsql", "v", "u", false, false, false, false, "\nBEGIN\n\tUPDATE users SET unread_events=unread_events+1 WHERE users.id = NEW.userid;\n\tRETURN NULL;\nEND;\n", null]
function	normalize_email(email text)	["text", "plpgsql", "i", "u", false, false, false, false, "\n  DECLARE\n    localpart text;\n    domainpart text;\n  BEGIN\n    SELECT regexp_replace(email, '@[^@]*$', '') INTO localpart;\n    SELECT regexp_replace(email, '.*@', '') INTO domainpart;\n\n    IF domainpart = 'gmail.com' then\n        SELECT regexp_replace(localpart, '[.]', '', 'g') INTO localpart;\n    END IF;\n\n    RETURN concat(localpart, '@', domainpart);\n  END;\n", null]
function	stat_update()	["timestamp with time zone", "plpgsql", "v", "u", false, false, false, false, "\n          DECLARE\n                  top record;\n                  st record;\n                  now timestamp;\n          BEGIN\n                  now=CURRENT_TIMESTAMP;\n                  FOR top IN SELECT id FROM topics WHERE stat3!=0 FOR UPDATE LOOP\n                      SELECT count(*) as st1,\n                             count(CASE WHEN now-'1 day'::interval<postdate THEN 1 ELSE null END) as st3\n                          INTO st\n                          FROM comments WHERE topic = top.id AND NOT deleted;\n\n                      UPDATE topics SET stat1=st.st1, stat3=st.st3\n                          WHERE id = top.id AND (stat1!=st.st1 OR stat3!=st.st3);\n                  END LOOP;\n                  RETURN now;\n          END;\n          ", null]
function	stat_update2()	["timestamp with time zone", "plpgsql", "v", "u", false, false, false, false, "\nDECLARE\n    grp record;\n    s3 int;\n    t3 int;\n    now timestamp;\nBEGIN\n    now=CURRENT_TIMESTAMP;\n    FOR grp IN SELECT id FROM groups WHERE stat3!=0 FOR UPDATE LOOP\n        SELECT COALESCE(sum(stat3), 0) INTO s3 FROM topics WHERE groupid = grp.id AND NOT deleted AND lastmod>CURRENT_TIMESTAMP-'2 days'::interval;\n        SELECT count(*) INTO t3 FROM topics WHERE groupid = grp.id AND CURRENT_TIMESTAMP-'1 day'::interval<postdate AND NOT deleted;\n        UPDATE groups SET stat3 = s3 + t3 WHERE id = grp.id AND stat3 != s3 + t3;\n    END LOOP;\n    RETURN now;\nEND;\n", null]
function	topins()	["trigger", "plpgsql", "v", "u", false, false, false, false, "\n                        BEGIN\n                            UPDATE groups SET stat3=stat3+1 WHERE groups.id = NEW.groupid;\n                            UPDATE topics SET lastmod=CURRENT_TIMESTAMP WHERE id = NEW.id;\n                            IF NEW.userid != 2 THEN\n                              INSERT INTO memories (userid, topic) VALUES (NEW.userid, NEW.id);\n                            END IF;\n                            RETURN NULL;\n                        END;\n                        ", null]
function	update_monthly_stats()	["timestamp without time zone", "plpgsql", "v", "u", false, false, false, false, "\nbegin\ndelete from monthly_stats;\ninsert into monthly_stats ( select section, date_part('year', postdate) as year, date_part('month', postdate) as month, count(topics.id) as c from topics, groups, sections where topics.groupid=groups.id and groups.section=sections.id and (topics.moderate or not sections.moderate) and not deleted group by section, year, month);\ninsert into monthly_stats (section, groupid, year, month, c)  ( select section, groupid, date_part('year', postdate) as year, date_part('month', postdate) as month, count(topics.id) as c from topics, groups, sections where topics.groupid=groups.id and groups.section=sections.id and (topics.moderate or not sections.moderate) and not deleted group by section, groupid, year, month);\nreturn CURRENT_TIMESTAMP;\nend;\n", null]
grant	function.comins().linuxweb.EXECUTE	[true]
grant	function.create_user_agent(character varying).linuxweb.EXECUTE	[true]
grant	function.get_branch_authors(comment integer).linuxweb.EXECUTE	[true]
grant	function.get_title(bigint).linuxweb.EXECUTE	[true]
grant	function.msgdel().linuxweb.EXECUTE	[true]
grant	function.msgundel().linuxweb.EXECUTE	[true]
grant	function.new_event().linuxweb.EXECUTE	[true]
grant	function.normalize_email(email text).linuxweb.EXECUTE	[true]
grant	function.stat_update().linuxweb.EXECUTE	[true]
grant	function.stat_update2().linuxweb.EXECUTE	[true]
grant	function.topins().linuxweb.EXECUTE	[true]
grant	function.update_monthly_stats().linuxweb.EXECUTE	[true]
grant	schema.public.linuxweb.USAGE	[true]
grant	sequence.edit_info_id_seq.linuxweb.SELECT	[true]
grant	sequence.edit_info_id_seq.linuxweb.UPDATE	[true]
grant	sequence.images_id_seq.linuxweb.UPDATE	[true]
grant	sequence.memories_id_seq.linuxweb.SELECT	[true]
grant	sequence.memories_id_seq.linuxweb.UPDATE	[true]
grant	sequence.s_guid.linuxweb.SELECT	[true]
grant	sequence.s_guid.linuxweb.UPDATE	[true]
grant	sequence.s_msgid.linuxweb.SELECT	[true]
grant	sequence.s_msgid.linuxweb.UPDATE	[true]
grant	sequence.s_msgid.linuxweb.USAGE	[true]
grant	sequence.s_uid.linuxweb.SELECT	[true]
grant	sequence.s_uid.linuxweb.UPDATE	[true]
grant	sequence.tags_values_id_seq.linuxweb.UPDATE	[true]
grant	sequence.user_agents_id_seq.linuxweb.UPDATE	[true]
grant	sequence.user_events_id_seq.linuxweb.SELECT	[true]
grant	sequence.user_events_id_seq.linuxweb.UPDATE	[true]
grant	sequence.user_events_id_seq.linuxweb.USAGE	[true]
grant	sequence.user_log_id_seq.linuxweb.USAGE	[true]
grant	sequence.user_remarks_id_seq.linuxweb.UPDATE	[true]
grant	sequence.vote_id.linuxweb.UPDATE	[true]
grant	sequence.votes_id.linuxweb.UPDATE	[true]
grant	table.adv_counts.linuxweb.INSERT	[true]
grant	table.adv_counts.linuxweb.SELECT	[true]
grant	table.adv_counts.linuxweb.UPDATE	[true]
grant	table.b_ips.linuxweb.DELETE	[true]
grant	table.b_ips.linuxweb.INSERT	[true]
grant	table.b_ips.linuxweb.SELECT	[true]
grant	table.b_ips.linuxweb.UPDATE	[true]
grant	table.ban_info.linuxweb.DELETE	[true]
grant	table.ban_info.linuxweb.INSERT	[true]
grant	table.ban_info.linuxweb.REFERENCES	[true]
grant	table.ban_info.linuxweb.SELECT	[true]
grant	table.ban_info.linuxweb.TRIGGER	[true]
grant	table.ban_info.linuxweb.TRUNCATE	[true]
grant	table.ban_info.linuxweb.UPDATE	[true]
grant	table.comments.linuxweb.DELETE	[true]
grant	table.comments.linuxweb.INSERT	[true]
grant	table.comments.linuxweb.SELECT	[true]
grant	table.comments.linuxweb.UPDATE	[true]
grant	table.del_info.linuxweb.DELETE	[true]
grant	table.del_info.linuxweb.INSERT	[true]
grant	table.del_info.linuxweb.SELECT	[true]
grant	table.del_info.linuxweb.UPDATE	[true]
grant	table.edit_info.linuxweb.INSERT	[true]
grant	table.edit_info.linuxweb.SELECT	[true]
grant	table.edit_info.linuxweb.UPDATE	[true]
grant	table.email_domains_block.linuxweb.DELETE	[true]
grant	table.email_domains_block.linuxweb.INSERT	[true]
grant	table.email_domains_block.linuxweb.SELECT	[true]
grant	table.email_domains_block.linuxweb.UPDATE	[true]
grant	table.groups.linuxweb.DELETE	[true]
grant	table.groups.linuxweb.INSERT	[true]
grant	table.groups.linuxweb.SELECT	[true]
grant	table.groups.linuxweb.UPDATE	[true]
grant	table.ignore_list.linuxweb.DELETE	[true]
grant	table.ignore_list.linuxweb.INSERT	[true]
grant	table.ignore_list.linuxweb.REFERENCES	[true]
grant	table.ignore_list.linuxweb.SELECT	[true]
grant	table.ignore_list.linuxweb.TRIGGER	[true]
grant	table.ignore_list.linuxweb.TRUNCATE	[true]
grant	table.ignore_list.linuxweb.UPDATE	[true]
grant	table.images.linuxweb.INSERT	[true]
grant	table.images.linuxweb.SELECT	[true]
grant	table.images.linuxweb.UPDATE	[true]
grant	table.memories.linuxweb.DELETE	[true]
grant	table.memories.linuxweb.INSERT	[true]
grant	table.memories.linuxweb.REFERENCES	[true]
grant	table.memories.linuxweb.SELECT	[true]
grant	table.memories.linuxweb.TRIGGER	[true]
grant	table.memories.linuxweb.TRUNCATE	[true]
grant	table.memories.linuxweb.UPDATE	[true]
grant	table.message_warnings.linuxweb.INSERT	[true]
grant	table.message_warnings.linuxweb.SELECT	[true]
grant	table.message_warnings.linuxweb.UPDATE	[true]
grant	table.monthly_stats.linuxweb.DELETE	[true]
grant	table.monthly_stats.linuxweb.INSERT	[true]
grant	table.monthly_stats.linuxweb.REFERENCES	[true]
grant	table.monthly_stats.linuxweb.SELECT	[true]
grant	table.monthly_stats.linuxweb.TRIGGER	[true]
grant	table.monthly_stats.linuxweb.TRUNCATE	[true]
grant	table.monthly_stats.linuxweb.UPDATE	[true]
grant	table.msgbase.linuxweb.INSERT	[true]
grant	table.msgbase.linuxweb.SELECT	[true]
grant	table.msgbase.linuxweb.UPDATE	[true]
grant	table.polls.linuxweb.DELETE	[true]
grant	table.polls.linuxweb.INSERT	[true]
grant	table.polls.linuxweb.SELECT	[true]
grant	table.polls.linuxweb.UPDATE	[true]
grant	table.polls_variants.linuxweb.DELETE	[true]
grant	table.polls_variants.linuxweb.INSERT	[true]
grant	table.polls_variants.linuxweb.SELECT	[true]
grant	table.polls_variants.linuxweb.UPDATE	[true]
grant	table.reactions_log.linuxweb.DELETE	[true]
grant	table.reactions_log.linuxweb.INSERT	[true]
grant	table.reactions_log.linuxweb.REFERENCES	[true]
grant	table.reactions_log.linuxweb.SELECT	[true]
grant	table.reactions_log.linuxweb.TRIGGER	[true]
grant	table.reactions_log.linuxweb.TRUNCATE	[true]
grant	table.reactions_log.linuxweb.UPDATE	[true]
grant	table.sections.linuxweb.DELETE	[true]
grant	table.sections.linuxweb.SELECT	[true]
grant	table.sections.linuxweb.UPDATE	[true]
grant	table.tags.linuxweb.DELETE	[true]
grant	table.tags.linuxweb.INSERT	[true]
grant	table.tags.linuxweb.REFERENCES	[true]
grant	table.tags.linuxweb.SELECT	[true]
grant	table.tags.linuxweb.TRIGGER	[true]
grant	table.tags.linuxweb.TRUNCATE	[true]
grant	table.tags.linuxweb.UPDATE	[true]
grant	table.tags_synonyms.linuxweb.DELETE	[true]
grant	table.tags_synonyms.linuxweb.INSERT	[true]
grant	table.tags_synonyms.linuxweb.REFERENCES	[true]
grant	table.tags_synonyms.linuxweb.SELECT	[true]
grant	table.tags_synonyms.linuxweb.TRIGGER	[true]
grant	table.tags_synonyms.linuxweb.TRUNCATE	[true]
grant	table.tags_synonyms.linuxweb.UPDATE	[true]
grant	table.tags_values.linuxweb.DELETE	[true]
grant	table.tags_values.linuxweb.INSERT	[true]
grant	table.tags_values.linuxweb.SELECT	[true]
grant	table.tags_values.linuxweb.UPDATE	[true]
grant	table.telegram_posts.linuxweb.DELETE	[true]
grant	table.telegram_posts.linuxweb.INSERT	[true]
grant	table.telegram_posts.linuxweb.SELECT	[true]
grant	table.topic_users_notified.linuxweb.DELETE	[true]
grant	table.topic_users_notified.linuxweb.INSERT	[true]
grant	table.topic_users_notified.linuxweb.SELECT	[true]
grant	table.topics.linuxweb.DELETE	[true]
grant	table.topics.linuxweb.INSERT	[true]
grant	table.topics.linuxweb.SELECT	[true]
grant	table.topics.linuxweb.UPDATE	[true]
grant	table.user_agents.linuxweb.INSERT	[true]
grant	table.user_agents.linuxweb.SELECT	[true]
grant	table.user_events.linuxweb.DELETE	[true]
grant	table.user_events.linuxweb.INSERT	[true]
grant	table.user_events.linuxweb.SELECT	[true]
grant	table.user_events.linuxweb.UPDATE	[true]
grant	table.user_invites.linuxweb.INSERT	[true]
grant	table.user_invites.linuxweb.SELECT	[true]
grant	table.user_invites.linuxweb.UPDATE	[true]
grant	table.user_log.linuxweb.INSERT	[true]
grant	table.user_log.linuxweb.SELECT	[true]
grant	table.user_remarks.linuxweb.DELETE	[true]
grant	table.user_remarks.linuxweb.INSERT	[true]
grant	table.user_remarks.linuxweb.REFERENCES	[true]
grant	table.user_remarks.linuxweb.SELECT	[true]
grant	table.user_remarks.linuxweb.TRIGGER	[true]
grant	table.user_remarks.linuxweb.TRUNCATE	[true]
grant	table.user_remarks.linuxweb.UPDATE	[true]
grant	table.user_settings.linuxweb.DELETE	[true]
grant	table.user_settings.linuxweb.INSERT	[true]
grant	table.user_settings.linuxweb.REFERENCES	[true]
grant	table.user_settings.linuxweb.SELECT	[true]
grant	table.user_settings.linuxweb.TRIGGER	[true]
grant	table.user_settings.linuxweb.TRUNCATE	[true]
grant	table.user_settings.linuxweb.UPDATE	[true]
grant	table.user_tags.linuxweb.DELETE	[true]
grant	table.user_tags.linuxweb.INSERT	[true]
grant	table.user_tags.linuxweb.REFERENCES	[true]
grant	table.user_tags.linuxweb.SELECT	[true]
grant	table.user_tags.linuxweb.TRIGGER	[true]
grant	table.user_tags.linuxweb.TRUNCATE	[true]
grant	table.user_tags.linuxweb.UPDATE	[true]
grant	table.users.linuxweb.DELETE	[true]
grant	table.users.linuxweb.INSERT	[true]
grant	table.users.linuxweb.SELECT	[true]
grant	table.users.linuxweb.UPDATE	[true]
grant	table.vote_users.linuxweb.INSERT	[true]
grant	table.vote_users.linuxweb.SELECT	[true]
grant	type.edit_event_type.linuxweb.USAGE	[true]
grant	type.event_type.linuxweb.USAGE	[true]
grant	type.markup_type.linuxweb.USAGE	[true]
grant	type.user_log_action.linuxweb.USAGE	[true]
grant	type.warning_type.linuxweb.USAGE	[true]
index	adv_counts.adv_counts_unique	[true, false, false, true, true, true, true, false, 2, 2, "CREATE UNIQUE INDEX adv_counts_unique ON adv_counts USING btree (path, day)"]
index	b_ips.bips_ip	[true, false, false, true, true, true, true, false, 1, 1, "CREATE UNIQUE INDEX bips_ip ON b_ips USING btree (ip)"]
index	ban_info.ban_info_pkey	[true, true, false, true, true, true, true, false, 1, 1, "CREATE UNIQUE INDEX ban_info_pkey ON ban_info USING btree (userid)"]
index	comments.comment_authordate	[false, false, false, true, true, true, true, false, 2, 2, "CREATE INDEX comment_authordate ON comments USING btree (userid, postdate)"]
index	comments.comment_postdate	[false, false, false, true, true, true, true, false, 1, 1, "CREATE INDEX comment_postdate ON comments USING btree (postdate)"]
index	comments.comment_reply2	[false, false, false, true, true, true, true, false, 1, 1, "CREATE INDEX comment_reply2 ON comments USING btree (replyto) WHERE replyto IS NOT NULL"]
index	comments.comment_topic	[false, false, false, true, true, true, true, false, 1, 1, "CREATE INDEX comment_topic ON comments USING btree (topic)"]
index	comments.comment_tracker	[false, false, false, true, true, true, true, false, 2, 2, "CREATE INDEX comment_tracker ON comments USING btree (topic, postdate DESC) WHERE NOT deleted"]
index	comments.comments_editor_id_idx	[false, false, false, true, true, true, true, false, 1, 1, "CREATE INDEX comments_editor_id_idx ON comments USING btree (editor_id)"]
index	comments.comments_pkey	[true, true, false, true, true, true, true, false, 1, 1, "CREATE UNIQUE INDEX comments_pkey ON comments USING btree (id)"]
index	comments.comments_postip	[false, false, false, true, true, true, true, false, 1, 1, "CREATE INDEX comments_postip ON comments USING btree (postip)"]
index	del_info.del_info_date	[false, false, false, true, true, true, true, false, 1, 1, "CREATE INDEX del_info_date ON del_info USING btree (deldate DESC) WHERE deldate IS NOT NULL"]
index	del_info.del_info_delby	[false, false, false, true, true, true, true, false, 1, 1, "CREATE INDEX del_info_delby ON del_info USING btree (delby)"]
index	del_info.del_info_pkey	[true, true, false, true, true, true, true, false, 1, 1, "CREATE UNIQUE INDEX del_info_pkey ON del_info USING btree (msgid)"]
index	del_info.del_info_with_bonus_idx	[false, false, false, true, true, true, true, false, 1, 1, "CREATE INDEX del_info_with_bonus_idx ON del_info USING btree (msgid) WHERE bonus IS NOT NULL AND bonus <> 0"]
index	edit_info.edit_info_editor_idx	[false, false, false, true, true, true, true, false, 1, 1, "CREATE INDEX edit_info_editor_idx ON edit_info USING btree (editor)"]
index	edit_info.edit_info_msgid	[false, false, false, true, true, true, true, false, 1, 1, "CREATE INDEX edit_info_msgid ON edit_info USING btree (msgid)"]
index	edit_info.edit_info_pkey	[true, true, false, true, true, true, true, false, 1, 1, "CREATE UNIQUE INDEX edit_info_pkey ON edit_info USING btree (id)"]
index	email_domains_block.email_domains_block_pkey	[true, true, false, true, true, true, true, false, 1, 1, "CREATE UNIQUE INDEX email_domains_block_pkey ON email_domains_block USING btree (domain)"]
index	groups.group_section	[false, false, false, true, true, true, true, false, 1, 1, "CREATE INDEX group_section ON groups USING btree (section)"]
index	groups.groups_pkey	[true, true, false, true, true, true, true, false, 1, 1, "CREATE UNIQUE INDEX groups_pkey ON groups USING btree (id)"]
index	groups.groups_urlname	[false, false, false, true, true, true, true, false, 1, 1, "CREATE INDEX groups_urlname ON groups USING btree (urlname)"]
index	groups.groups_urlname_u	[true, false, false, true, true, true, true, false, 2, 2, "CREATE UNIQUE INDEX groups_urlname_u ON groups USING btree (urlname, section)"]
index	ignore_list.ignore_list_ignored_key	[false, false, false, true, true, true, true, false, 1, 1, "CREATE INDEX ignore_list_ignored_key ON ignore_list USING btree (ignored)"]
index	ignore_list.ignore_list_pkey	[true, true, false, true, true, true, true, false, 2, 2, "CREATE UNIQUE INDEX ignore_list_pkey ON ignore_list USING btree (userid, ignored)"]
index	images.image_topic_idx	[false, false, false, true, true, true, true, false, 1, 1, "CREATE INDEX image_topic_idx ON images USING btree (topic)"]
index	images.images_pkey	[true, true, false, true, true, true, true, false, 1, 1, "CREATE UNIQUE INDEX images_pkey ON images USING btree (id)"]
index	images.images_uniq_idx	[true, false, false, true, true, true, true, false, 1, 1, "CREATE UNIQUE INDEX images_uniq_idx ON images USING btree (id) WHERE NOT deleted AND main"]
index	memories.memories_pkey	[true, true, false, true, true, true, true, false, 1, 1, "CREATE UNIQUE INDEX memories_pkey ON memories USING btree (id)"]
index	memories.memories_topic_idx	[false, false, false, true, true, true, true, false, 1, 1, "CREATE INDEX memories_topic_idx ON memories USING btree (topic)"]
index	memories.memories_un	[true, false, false, true, true, true, true, false, 3, 3, "CREATE UNIQUE INDEX memories_un ON memories USING btree (userid, topic, watch)"]
index	message_warnings.message_warnings_author_idx	[false, false, false, true, true, true, true, false, 1, 1, "CREATE INDEX message_warnings_author_idx ON message_warnings USING btree (author)"]
index	message_warnings.message_warnings_closed_by_idx	[false, false, false, true, true, true, true, false, 1, 1, "CREATE INDEX message_warnings_closed_by_idx ON message_warnings USING btree (closed_by)"]
index	message_warnings.message_warnings_comment_idx	[false, false, false, true, true, true, true, false, 1, 1, "CREATE INDEX message_warnings_comment_idx ON message_warnings USING btree (comment)"]
index	message_warnings.message_warnings_pkey	[true, true, false, true, true, true, true, false, 1, 1, "CREATE UNIQUE INDEX message_warnings_pkey ON message_warnings USING btree (id)"]
index	message_warnings.message_warnings_postdate_idx	[false, false, false, true, true, true, true, false, 1, 1, "CREATE INDEX message_warnings_postdate_idx ON message_warnings USING btree (postdate)"]
index	message_warnings.message_warnings_topic_idx	[false, false, false, true, true, true, true, false, 1, 1, "CREATE INDEX message_warnings_topic_idx ON message_warnings USING btree (topic)"]
index	msgbase.msgbase_pkey	[true, true, false, true, true, true, true, false, 1, 1, "CREATE UNIQUE INDEX msgbase_pkey ON msgbase USING btree (id)"]
index	polls.votenames_pkey	[true, true, false, true, true, true, true, false, 1, 1, "CREATE UNIQUE INDEX votenames_pkey ON polls USING btree (id)"]
index	polls.votenames_topic_key	[true, false, false, true, true, true, true, false, 1, 1, "CREATE UNIQUE INDEX votenames_topic_key ON polls USING btree (topic)"]
index	polls_variants.i_votes_vote	[false, false, false, true, true, true, true, false, 1, 1, "CREATE INDEX i_votes_vote ON polls_variants USING btree (vote)"]
index	polls_variants.votes_pkey	[true, true, false, true, true, true, true, false, 1, 1, "CREATE UNIQUE INDEX votes_pkey ON polls_variants USING btree (id)"]
index	reactions_log.reactions_log_comment_idx	[false, false, false, true, true, true, true, false, 1, 1, "CREATE INDEX reactions_log_comment_idx ON reactions_log USING btree (comment_id)"]
index	reactions_log.reactions_log_origin_user_idx	[false, false, false, true, true, true, true, false, 1, 1, "CREATE INDEX reactions_log_origin_user_idx ON reactions_log USING btree (origin_user)"]
index	reactions_log.reactions_log_topic_idx	[false, false, false, true, true, true, true, false, 1, 1, "CREATE INDEX reactions_log_topic_idx ON reactions_log USING btree (topic_id)"]
index	reactions_log.reactions_log_upsert_idx	[true, false, false, true, true, true, true, true, 3, 3, "CREATE UNIQUE INDEX reactions_log_upsert_idx ON reactions_log USING btree (topic_id, comment_id, origin_user) NULLS NOT DISTINCT"]
index	reactions_log.reactions_log_user_date_idx	[false, false, false, true, true, true, true, false, 2, 2, "CREATE INDEX reactions_log_user_date_idx ON reactions_log USING btree (origin_user, set_date)"]
index	sections.sections_pkey	[true, true, false, true, true, true, true, false, 1, 1, "CREATE UNIQUE INDEX sections_pkey ON sections USING btree (id)"]
index	tags.tags_msgid	[false, false, false, true, true, true, true, false, 1, 1, "CREATE INDEX tags_msgid ON tags USING btree (msgid)"]
index	tags.tags_msgid_key	[true, false, false, true, true, true, true, false, 2, 2, "CREATE UNIQUE INDEX tags_msgid_key ON tags USING btree (msgid, tagid)"]
index	tags.tags_tagid	[false, false, false, true, true, true, true, false, 1, 1, "CREATE INDEX tags_tagid ON tags USING btree (tagid)"]
index	tags_synonyms.tags_synonyms_pkey	[true, true, false, true, true, true, true, false, 1, 1, "CREATE UNIQUE INDEX tags_synonyms_pkey ON tags_synonyms USING btree (value)"]
index	tags_values.tags_values_pkey	[true, true, false, true, true, true, true, false, 1, 1, "CREATE UNIQUE INDEX tags_values_pkey ON tags_values USING btree (id)"]
index	tags_values.tags_values_prefix_idx	[false, false, false, true, true, true, true, false, 1, 1, "CREATE INDEX tags_values_prefix_idx ON tags_values USING btree (value text_pattern_ops)"]
index	tags_values.tags_values_top	[false, false, false, true, true, true, true, false, 1, 1, "CREATE INDEX tags_values_top ON tags_values USING btree (id) WHERE counter >= 10"]
index	tags_values.tags_values_value_key	[true, false, false, true, true, true, true, false, 1, 1, "CREATE UNIQUE INDEX tags_values_value_key ON tags_values USING btree (value)"]
index	telegram_posts.telegram_posts_pkey	[true, true, false, true, true, true, true, false, 1, 1, "CREATE UNIQUE INDEX telegram_posts_pkey ON telegram_posts USING btree (telegram_id)"]
index	telegram_posts.telegram_topic_idx	[false, false, false, true, true, true, true, false, 1, 1, "CREATE INDEX telegram_topic_idx ON telegram_posts USING btree (topic_id)"]
index	topic_users_notified.topic_users_notified_idx	[true, false, false, true, true, true, true, false, 2, 2, "CREATE UNIQUE INDEX topic_users_notified_idx ON topic_users_notified USING btree (topic, userid)"]
index	topic_users_notified.topic_users_notified_userid_idx	[false, false, false, true, true, true, true, false, 1, 1, "CREATE INDEX topic_users_notified_userid_idx ON topic_users_notified USING btree (userid)"]
index	topics.commit_order2	[false, false, false, true, true, true, true, false, 1, 1, "CREATE INDEX commit_order2 ON topics USING btree (commitdate DESC) WHERE commitdate IS NOT NULL"]
index	topics.commit_order3	[false, false, false, true, true, true, true, false, 2, 2, "CREATE INDEX commit_order3 ON topics USING btree (groupid, commitdate DESC) WHERE commitdate IS NOT NULL"]
index	topics.topic_author	[false, false, false, true, true, true, true, false, 1, 1, "CREATE INDEX topic_author ON topics USING btree (userid)"]
index	topics.topic_deleted	[false, false, false, true, true, true, true, false, 1, 1, "CREATE INDEX topic_deleted ON topics USING btree (id) WHERE deleted"]
index	topics.topic_group	[false, false, false, true, true, true, true, false, 1, 1, "CREATE INDEX topic_group ON topics USING btree (groupid)"]
index	topics.topic_postip	[false, false, false, true, true, true, true, false, 1, 1, "CREATE INDEX topic_postip ON topics USING btree (postip)"]
index	topics.topics_commitby_idx	[false, false, false, true, true, true, true, false, 1, 1, "CREATE INDEX topics_commitby_idx ON topics USING btree (commitby)"]
index	topics.topics_date	[false, false, false, true, true, true, true, false, 1, 1, "CREATE INDEX topics_date ON topics USING btree (postdate)"]
index	topics.topics_lastmod	[false, false, false, true, true, true, true, false, 1, 1, "CREATE INDEX topics_lastmod ON topics USING btree (lastmod DESC) WHERE NOT deleted"]
index	topics.topics_pkey	[true, false, false, true, true, true, true, false, 1, 1, "CREATE UNIQUE INDEX topics_pkey ON topics USING btree (id)"]
index	topics.topics_sticky_idx	[false, false, false, true, true, true, true, false, 2, 2, "CREATE INDEX topics_sticky_idx ON topics USING btree (groupid, id DESC) WHERE sticky AND NOT deleted"]
index	user_agents.user_agents_name_key	[true, false, false, true, true, true, true, false, 1, 1, "CREATE UNIQUE INDEX user_agents_name_key ON user_agents USING btree (name)"]
index	user_agents.user_agents_pkey	[true, true, false, true, true, true, true, false, 1, 1, "CREATE UNIQUE INDEX user_agents_pkey ON user_agents USING btree (id)"]
index	user_events.user_events_comment	[false, false, false, true, true, true, true, false, 1, 1, "CREATE INDEX user_events_comment ON user_events USING btree (comment_id)"]
index	user_events.user_events_idx	[false, false, false, true, true, true, true, false, 1, 1, "CREATE INDEX user_events_idx ON user_events USING btree (userid)"]
index	user_events.user_events_origin_idx	[false, false, false, true, true, true, true, false, 1, 1, "CREATE INDEX user_events_origin_idx ON user_events USING btree (origin_user)"]
index	user_events.user_events_pkey	[true, true, false, true, true, true, true, false, 1, 1, "CREATE UNIQUE INDEX user_events_pkey ON user_events USING btree (id)"]
index	user_events.user_events_reactions_upsert_idx	[true, false, false, true, true, true, true, true, 3, 3, "CREATE UNIQUE INDEX user_events_reactions_upsert_idx ON user_events USING btree (message_id, comment_id, origin_user) NULLS NOT DISTINCT WHERE type = 'REACTION'::event_type"]
index	user_events.user_events_topic	[false, false, false, true, true, true, true, false, 1, 1, "CREATE INDEX user_events_topic ON user_events USING btree (message_id)"]
index	user_events.user_events_warning_id_idx	[false, false, false, true, true, true, true, false, 1, 1, "CREATE INDEX user_events_warning_id_idx ON user_events USING btree (warning_id)"]
index	user_invites.user_invites_pkey	[true, true, false, true, true, true, true, false, 1, 1, "CREATE UNIQUE INDEX user_invites_pkey ON user_invites USING btree (invite_code)"]
index	user_log.user_log_action_userid_idx	[false, false, false, true, true, true, true, false, 1, 1, "CREATE INDEX user_log_action_userid_idx ON user_log USING btree (action_userid)"]
index	user_log.user_log_new_userpic_idx	[false, false, false, true, true, true, true, false, 1, 1, "CREATE INDEX user_log_new_userpic_idx ON user_log USING btree ((info -> 'new_userpic'::text))"]
index	user_log.user_log_old_userpic_idx	[false, false, false, true, true, true, true, false, 1, 1, "CREATE INDEX user_log_old_userpic_idx ON user_log USING btree ((info -> 'old_userpic'::text))"]
index	user_log.user_log_pkey	[true, true, false, true, true, true, true, false, 1, 1, "CREATE UNIQUE INDEX user_log_pkey ON user_log USING btree (id)"]
index	user_log.user_log_userid_idx	[false, false, false, true, true, true, true, false, 1, 1, "CREATE INDEX user_log_userid_idx ON user_log USING btree (userid)"]
index	user_remarks.refuser_remarks_tagid_idx	[false, false, false, true, true, true, true, false, 1, 1, "CREATE INDEX refuser_remarks_tagid_idx ON user_remarks USING btree (ref_user_id)"]
index	user_remarks.user_remarks_pkey	[true, true, false, true, true, true, true, false, 1, 1, "CREATE UNIQUE INDEX user_remarks_pkey ON user_remarks USING btree (id)"]
index	user_remarks.user_remarks_userid_idx	[false, false, false, true, true, true, true, false, 1, 1, "CREATE INDEX user_remarks_userid_idx ON user_remarks USING btree (user_id)"]
index	user_remarks.user_remarks_userid_refuser	[true, false, false, true, true, true, true, false, 2, 2, "CREATE UNIQUE INDEX user_remarks_userid_refuser ON user_remarks USING btree (user_id, ref_user_id)"]
index	user_settings.user_settings_pkey	[true, true, false, true, true, true, true, false, 1, 1, "CREATE UNIQUE INDEX user_settings_pkey ON user_settings USING btree (id)"]
index	user_tags.user_tags_tagid_idx	[false, false, false, true, true, true, true, false, 1, 1, "CREATE INDEX user_tags_tagid_idx ON user_tags USING btree (tag_id)"]
index	user_tags.user_tags_uniq_idx	[true, false, false, true, true, true, true, false, 3, 3, "CREATE UNIQUE INDEX user_tags_uniq_idx ON user_tags USING btree (user_id, tag_id, is_favorite)"]
index	user_tags.user_tags_userid_idx	[false, false, false, true, true, true, true, false, 1, 1, "CREATE INDEX user_tags_userid_idx ON user_tags USING btree (user_id)"]
index	users.i_nick	[true, false, false, true, true, true, true, false, 1, 1, "CREATE UNIQUE INDEX i_nick ON users USING btree (nick)"]
index	users.users_email_normalized_idx	[false, false, false, true, true, true, true, false, 1, 1, "CREATE INDEX users_email_normalized_idx ON users USING btree (normalize_email(email::text))"]
index	users.users_frozen_by_idx	[false, false, false, true, true, true, true, false, 1, 1, "CREATE INDEX users_frozen_by_idx ON users USING btree (frozen_by)"]
index	users.users_pkey	[true, true, false, true, true, true, true, false, 1, 1, "CREATE UNIQUE INDEX users_pkey ON users USING btree (id)"]
index	users.users_unactivated_idx	[false, false, false, true, true, true, true, false, 1, 1, "CREATE INDEX users_unactivated_idx ON users USING btree (id) WHERE NOT activated"]
index	vote_users.vote_users_idx	[true, false, false, true, true, true, true, false, 3, 3, "CREATE UNIQUE INDEX vote_users_idx ON vote_users USING btree (vote, userid, variant_id)"]
index	vote_users.vote_users_user	[false, false, false, true, true, true, true, false, 1, 1, "CREATE INDEX vote_users_user ON vote_users USING btree (userid)"]
owner	function.comins()	["maxcom"]
owner	function.create_user_agent(character varying)	["maxcom"]
owner	function.get_branch_authors(comment integer)	["maxcom"]
owner	function.get_title(bigint)	["maxcom"]
owner	function.msgdel()	["maxcom"]
owner	function.msgundel()	["maxcom"]
owner	function.new_event()	["maxcom"]
owner	function.normalize_email(email text)	["maxcom"]
owner	function.stat_update()	["maxcom"]
owner	function.stat_update2()	["maxcom"]
owner	function.topins()	["maxcom"]
owner	function.update_monthly_stats()	["maxcom"]
owner	index.adv_counts.adv_counts_unique	["maxcom"]
owner	index.b_ips.bips_ip	["maxcom"]
owner	index.ban_info.ban_info_pkey	["maxcom"]
owner	index.comments.comment_authordate	["maxcom"]
owner	index.comments.comment_postdate	["maxcom"]
owner	index.comments.comment_reply2	["maxcom"]
owner	index.comments.comment_topic	["maxcom"]
owner	index.comments.comment_tracker	["maxcom"]
owner	index.comments.comments_editor_id_idx	["maxcom"]
owner	index.comments.comments_pkey	["maxcom"]
owner	index.comments.comments_postip	["maxcom"]
owner	index.del_info.del_info_date	["maxcom"]
owner	index.del_info.del_info_delby	["maxcom"]
owner	index.del_info.del_info_pkey	["maxcom"]
owner	index.del_info.del_info_with_bonus_idx	["maxcom"]
owner	index.edit_info.edit_info_editor_idx	["maxcom"]
owner	index.edit_info.edit_info_msgid	["maxcom"]
owner	index.edit_info.edit_info_pkey	["maxcom"]
owner	index.email_domains_block.email_domains_block_pkey	["maxcom"]
owner	index.groups.group_section	["maxcom"]
owner	index.groups.groups_pkey	["maxcom"]
owner	index.groups.groups_urlname	["maxcom"]
owner	index.groups.groups_urlname_u	["maxcom"]
owner	index.ignore_list.ignore_list_ignored_key	["maxcom"]
owner	index.ignore_list.ignore_list_pkey	["maxcom"]
owner	index.images.image_topic_idx	["maxcom"]
owner	index.images.images_pkey	["maxcom"]
owner	index.images.images_uniq_idx	["maxcom"]
owner	index.memories.memories_pkey	["maxcom"]
owner	index.memories.memories_topic_idx	["maxcom"]
owner	index.memories.memories_un	["maxcom"]
owner	index.message_warnings.message_warnings_author_idx	["maxcom"]
owner	index.message_warnings.message_warnings_closed_by_idx	["maxcom"]
owner	index.message_warnings.message_warnings_comment_idx	["maxcom"]
owner	index.message_warnings.message_warnings_pkey	["maxcom"]
owner	index.message_warnings.message_warnings_postdate_idx	["maxcom"]
owner	index.message_warnings.message_warnings_topic_idx	["maxcom"]
owner	index.msgbase.msgbase_pkey	["maxcom"]
owner	index.polls.votenames_pkey	["maxcom"]
owner	index.polls.votenames_topic_key	["maxcom"]
owner	index.polls_variants.i_votes_vote	["maxcom"]
owner	index.polls_variants.votes_pkey	["maxcom"]
owner	index.reactions_log.reactions_log_comment_idx	["maxcom"]
owner	index.reactions_log.reactions_log_origin_user_idx	["maxcom"]
owner	index.reactions_log.reactions_log_topic_idx	["maxcom"]
owner	index.reactions_log.reactions_log_upsert_idx	["maxcom"]
owner	index.reactions_log.reactions_log_user_date_idx	["maxcom"]
owner	index.sections.sections_pkey	["maxcom"]
owner	index.tags.tags_msgid	["maxcom"]
owner	index.tags.tags_msgid_key	["maxcom"]
owner	index.tags.tags_tagid	["maxcom"]
owner	index.tags_synonyms.tags_synonyms_pkey	["maxcom"]
owner	index.tags_values.tags_values_pkey	["maxcom"]
owner	index.tags_values.tags_values_prefix_idx	["maxcom"]
owner	index.tags_values.tags_values_top	["maxcom"]
owner	index.tags_values.tags_values_value_key	["maxcom"]
owner	index.telegram_posts.telegram_posts_pkey	["maxcom"]
owner	index.telegram_posts.telegram_topic_idx	["maxcom"]
owner	index.topic_users_notified.topic_users_notified_idx	["maxcom"]
owner	index.topic_users_notified.topic_users_notified_userid_idx	["maxcom"]
owner	index.topics.commit_order2	["maxcom"]
owner	index.topics.commit_order3	["maxcom"]
owner	index.topics.topic_author	["maxcom"]
owner	index.topics.topic_deleted	["maxcom"]
owner	index.topics.topic_group	["maxcom"]
owner	index.topics.topic_postip	["maxcom"]
owner	index.topics.topics_commitby_idx	["maxcom"]
owner	index.topics.topics_date	["maxcom"]
owner	index.topics.topics_lastmod	["maxcom"]
owner	index.topics.topics_pkey	["maxcom"]
owner	index.topics.topics_sticky_idx	["maxcom"]
owner	index.user_agents.user_agents_name_key	["maxcom"]
owner	index.user_agents.user_agents_pkey	["maxcom"]
owner	index.user_events.user_events_comment	["maxcom"]
owner	index.user_events.user_events_idx	["maxcom"]
owner	index.user_events.user_events_origin_idx	["maxcom"]
owner	index.user_events.user_events_pkey	["maxcom"]
owner	index.user_events.user_events_reactions_upsert_idx	["maxcom"]
owner	index.user_events.user_events_topic	["maxcom"]
owner	index.user_events.user_events_warning_id_idx	["maxcom"]
owner	index.user_invites.user_invites_pkey	["maxcom"]
owner	index.user_log.user_log_action_userid_idx	["maxcom"]
owner	index.user_log.user_log_new_userpic_idx	["maxcom"]
owner	index.user_log.user_log_old_userpic_idx	["maxcom"]
owner	index.user_log.user_log_pkey	["maxcom"]
owner	index.user_log.user_log_userid_idx	["maxcom"]
owner	index.user_remarks.refuser_remarks_tagid_idx	["maxcom"]
owner	index.user_remarks.user_remarks_pkey	["maxcom"]
owner	index.user_remarks.user_remarks_userid_idx	["maxcom"]
owner	index.user_remarks.user_remarks_userid_refuser	["maxcom"]
owner	index.user_settings.user_settings_pkey	["maxcom"]
owner	index.user_tags.user_tags_tagid_idx	["maxcom"]
owner	index.user_tags.user_tags_uniq_idx	["maxcom"]
owner	index.user_tags.user_tags_userid_idx	["maxcom"]
owner	index.users.i_nick	["maxcom"]
owner	index.users.users_email_normalized_idx	["maxcom"]
owner	index.users.users_frozen_by_idx	["maxcom"]
owner	index.users.users_pkey	["maxcom"]
owner	index.users.users_unactivated_idx	["maxcom"]
owner	index.vote_users.vote_users_idx	["maxcom"]
owner	index.vote_users.vote_users_user	["maxcom"]
owner	schema.public	["pg_database_owner"]
owner	sequence.edit_info_id_seq	["maxcom"]
owner	sequence.images_id_seq	["maxcom"]
owner	sequence.memories_id_seq	["maxcom"]
owner	sequence.message_warnings_id_seq	["maxcom"]
owner	sequence.s_guid	["maxcom"]
owner	sequence.s_msg	["maxcom"]
owner	sequence.s_msgid	["maxcom"]
owner	sequence.s_uid	["maxcom"]
owner	sequence.tags_values_id_seq	["maxcom"]
owner	sequence.user_agents_id_seq	["maxcom"]
owner	sequence.user_events_id_seq	["maxcom"]
owner	sequence.user_log_id_seq	["maxcom"]
owner	sequence.user_remarks_id_seq	["maxcom"]
owner	sequence.vote_id	["maxcom"]
owner	sequence.votes_id	["maxcom"]
owner	table.adv_counts	["maxcom"]
owner	table.b_ips	["maxcom"]
owner	table.ban_info	["maxcom"]
owner	table.comments	["maxcom"]
owner	table.del_info	["maxcom"]
owner	table.edit_info	["maxcom"]
owner	table.email_domains_block	["maxcom"]
owner	table.groups	["maxcom"]
owner	table.ignore_list	["maxcom"]
owner	table.images	["maxcom"]
owner	table.memories	["maxcom"]
owner	table.message_warnings	["maxcom"]
owner	table.monthly_stats	["maxcom"]
owner	table.msgbase	["maxcom"]
owner	table.polls	["maxcom"]
owner	table.polls_variants	["maxcom"]
owner	table.reactions_log	["maxcom"]
owner	table.sections	["maxcom"]
owner	table.tags	["maxcom"]
owner	table.tags_synonyms	["maxcom"]
owner	table.tags_values	["maxcom"]
owner	table.telegram_posts	["maxcom"]
owner	table.topic_users_notified	["maxcom"]
owner	table.topics	["maxcom"]
owner	table.user_agents	["maxcom"]
owner	table.user_events	["maxcom"]
owner	table.user_invites	["maxcom"]
owner	table.user_log	["maxcom"]
owner	table.user_remarks	["maxcom"]
owner	table.user_settings	["maxcom"]
owner	table.user_tags	["maxcom"]
owner	table.users	["maxcom"]
owner	table.vote_users	["maxcom"]
owner	type.edit_event_type	["maxcom"]
owner	type.event_type	["maxcom"]
owner	type.markup_type	["maxcom"]
owner	type.user_log_action	["maxcom"]
owner	type.warning_type	["maxcom"]
relation	adv_counts	["r", "p", false, false, "heap"]
relation	b_ips	["r", "p", false, false, "heap"]
relation	ban_info	["r", "p", false, false, "heap"]
relation	comments	["r", "p", false, false, "heap"]
relation	del_info	["r", "p", false, false, "heap"]
relation	edit_info	["r", "p", false, false, "heap"]
relation	email_domains_block	["r", "p", false, false, "heap"]
relation	groups	["r", "p", false, false, "heap"]
relation	ignore_list	["r", "p", false, false, "heap"]
relation	images	["r", "p", false, false, "heap"]
relation	memories	["r", "p", false, false, "heap"]
relation	message_warnings	["r", "p", false, false, "heap"]
relation	monthly_stats	["r", "p", false, false, "heap"]
relation	msgbase	["r", "p", false, false, "heap"]
relation	polls	["r", "p", false, false, "heap"]
relation	polls_variants	["r", "p", false, false, "heap"]
relation	reactions_log	["r", "p", false, false, "heap"]
relation	sections	["r", "p", false, false, "heap"]
relation	tags	["r", "p", false, false, "heap"]
relation	tags_synonyms	["r", "p", false, false, "heap"]
relation	tags_values	["r", "p", false, false, "heap"]
relation	telegram_posts	["r", "p", false, false, "heap"]
relation	topic_users_notified	["r", "p", false, false, "heap"]
relation	topics	["r", "p", false, false, "heap"]
relation	user_agents	["r", "p", false, false, "heap"]
relation	user_events	["r", "p", false, false, "heap"]
relation	user_invites	["r", "p", false, false, "heap"]
relation	user_log	["r", "p", false, false, "heap"]
relation	user_remarks	["r", "p", false, false, "heap"]
relation	user_settings	["r", "p", false, false, "heap"]
relation	user_tags	["r", "p", false, false, "heap"]
relation	users	["r", "p", false, false, "heap"]
relation	vote_users	["r", "p", false, false, "heap"]
schema	public	[]
sequence	edit_info_id_seq	["bigint", 1, 1, 9223372036854775807, 1, 1, false, "edit_info", "id", "a"]
sequence	images_id_seq	["integer", 1, 1, 2147483647, 1, 1, false, "images", "id", "i"]
sequence	memories_id_seq	["bigint", 1, 1, 9223372036854775807, 1, 1, false, "memories", "id", "a"]
sequence	message_warnings_id_seq	["integer", 1, 1, 2147483647, 1, 1, false, "message_warnings", "id", "i"]
sequence	s_guid	["bigint", 1, 1, 2147483647, 1, 1, false, null, null, null]
sequence	s_msg	["bigint", 1, 1, 2147483647, 1, 1, false, null, null, null]
sequence	s_msgid	["bigint", 1, 1, 2147483647, 1, 1, false, null, null, null]
sequence	s_uid	["bigint", 1, 1, 2147483647, 1, 1, false, null, null, null]
sequence	tags_values_id_seq	["bigint", 1, 1, 9223372036854775807, 1, 1, false, "tags_values", "id", "a"]
sequence	user_agents_id_seq	["bigint", 1, 1, 9223372036854775807, 1, 1, false, "user_agents", "id", "a"]
sequence	user_events_id_seq	["bigint", 1, 1, 9223372036854775807, 1, 1, false, "user_events", "id", "a"]
sequence	user_log_id_seq	["integer", 1, 1, 2147483647, 1, 1, false, "user_log", "id", "a"]
sequence	user_remarks_id_seq	["integer", 1, 1, 2147483647, 1, 1, false, "user_remarks", "id", "i"]
sequence	vote_id	["bigint", 1, 1, 2147483647, 1, 1, false, null, null, null]
sequence	votes_id	["bigint", 1, 1, 2147483647, 1, 1, false, null, null, null]
trigger	comments.comins_t	["O", "CREATE TRIGGER comins_t AFTER INSERT ON comments FOR EACH ROW EXECUTE FUNCTION comins()"]
trigger	del_info.msgdel_t	["O", "CREATE TRIGGER msgdel_t AFTER INSERT ON del_info FOR EACH ROW EXECUTE FUNCTION msgdel()"]
trigger	del_info.msgundel_t	["O", "CREATE TRIGGER msgundel_t AFTER DELETE ON del_info FOR EACH ROW EXECUTE FUNCTION msgundel()"]
trigger	topics.topins_t	["O", "CREATE TRIGGER topins_t AFTER INSERT ON topics FOR EACH ROW EXECUTE FUNCTION topins()"]
trigger	user_events.new_event_t	["O", "CREATE TRIGGER new_event_t AFTER INSERT ON user_events FOR EACH ROW EXECUTE FUNCTION new_event()"]
type	edit_event_type	["e", "E"]
type	event_type	["e", "E"]
type	markup_type	["e", "E"]
type	user_log_action	["e", "E"]
type	warning_type	["e", "E"]
