surface,kind,path_or_pattern,source,details_json
websocket,websocket,/ws,src/main/scala/ru/org/linux/realtime/RealtimeEventHub.scala,"{""allowed_origins_expression"":""config.getSecureUrl"",""authentication_principal"":""RememberMeAuthenticationToken/UserDetailsImpl"",""closes_with_server_error_on_handler_exception"":true,""handshake_method"":""GET (Upgrade: websocket)"",""inbound_payload_contract"":""text: <topicId> or <topicId> <lastSeenCommentId>"",""kind"":""websocket"",""line"":307,""outbound_message_literals"":[""comment $comment"",""events-refresh""],""path"":""/ws"",""source"":""src/main/scala/ru/org/linux/realtime/RealtimeEventHub.scala""}"
url_rewrite,rule,^/index.jsp$,src/main/webapp/WEB-INF/urlrewrite.xml,"{""actions"":[],""conditions"":[],""from"":""^/index.jsp$"",""kind"":""rule"",""source"":""src/main/webapp/WEB-INF/urlrewrite.xml"",""to"":""/"",""to_attributes"":{""type"":""redirect""}}"
url_rewrite,rule,^(/view-message.jsp[^#]*)#.*$,src/main/webapp/WEB-INF/urlrewrite.xml,"{""actions"":[],""conditions"":[],""from"":""^(/view-message.jsp[^#]*)#.*$"",""kind"":""rule"",""source"":""src/main/webapp/WEB-INF/urlrewrite.xml"",""to"":""$1"",""to_attributes"":{""type"":""redirect""}}"
url_rewrite,rule,^/topic-rss.jsp\?topic=(.*)$,src/main/webapp/WEB-INF/urlrewrite.xml,"{""actions"":[],""conditions"":[],""from"":""^/topic-rss.jsp\\?topic=(.*)$"",""kind"":""rule"",""source"":""src/main/webapp/WEB-INF/urlrewrite.xml"",""to"":""/view-message.jsp?msgid=$1&output=rss"",""to_attributes"":{""type"":""redirect""}}"
url_rewrite,rule,^/info.html$,src/main/webapp/WEB-INF/urlrewrite.xml,"{""actions"":[],""conditions"":[],""from"":""^/info.html$"",""kind"":""rule"",""source"":""src/main/webapp/WEB-INF/urlrewrite.xml"",""to"":""/books"",""to_attributes"":{""type"":""redirect""}}"
url_rewrite,rule,^/info-mirror.html$,src/main/webapp/WEB-INF/urlrewrite.xml,"{""actions"":[],""conditions"":[],""from"":""^/info-mirror.html$"",""kind"":""rule"",""source"":""src/main/webapp/WEB-INF/urlrewrite.xml"",""to"":""/books"",""to_attributes"":{""type"":""redirect""}}"
url_rewrite,rule,^/rss.jsp$,src/main/webapp/WEB-INF/urlrewrite.xml,"{""actions"":[],""conditions"":[],""from"":""^/rss.jsp$"",""kind"":""rule"",""source"":""src/main/webapp/WEB-INF/urlrewrite.xml"",""to"":""/section-rss.jsp"",""to_attributes"":{""type"":""redirect""}}"
url_rewrite,rule,^/server.jsp$,src/main/webapp/WEB-INF/urlrewrite.xml,"{""actions"":[],""conditions"":[],""from"":""^/server.jsp$"",""kind"":""rule"",""source"":""src/main/webapp/WEB-INF/urlrewrite.xml"",""to"":""/about"",""to_attributes"":{""type"":""redirect""}}"
url_rewrite,rule,^/rss.xml$,src/main/webapp/WEB-INF/urlrewrite.xml,"{""actions"":[],""conditions"":[],""from"":""^/rss.xml$"",""kind"":""rule"",""source"":""src/main/webapp/WEB-INF/urlrewrite.xml"",""to"":""/section-rss.jsp"",""to_attributes"":{""type"":""redirect""}}"
url_rewrite,rule,^/rules.jsp$,src/main/webapp/WEB-INF/urlrewrite.xml,"{""actions"":[],""conditions"":[],""from"":""^/rules.jsp$"",""kind"":""rule"",""source"":""src/main/webapp/WEB-INF/urlrewrite.xml"",""to"":""/help/rules.md"",""to_attributes"":{""type"":""redirect""}}"
url_rewrite,rule,^/profile/([^/]+)/(.*)$,src/main/webapp/WEB-INF/urlrewrite.xml,"{""actions"":[],""conditions"":[],""from"":""^/profile/([^/]+)/(.*)$"",""kind"":""rule"",""source"":""src/main/webapp/WEB-INF/urlrewrite.xml"",""to"":""/$2"",""to_attributes"":{""type"":""redirect""}}"
url_rewrite,rule,^/(.*),src/main/webapp/WEB-INF/urlrewrite.xml,"{""actions"":[],""conditions"":[{""attributes"":{""name"":""host"",""operator"":""equal""},""value"":""^stoplinux\\.org\\.ru""}],""from"":""^/(.*)"",""kind"":""rule"",""source"":""src/main/webapp/WEB-INF/urlrewrite.xml"",""to"":""http://127.0.0.1/$1"",""to_attributes"":{""last"":""true"",""type"":""redirect""}}"
url_rewrite,rule,^/(.*),src/main/webapp/WEB-INF/urlrewrite.xml,"{""actions"":[],""conditions"":[{""attributes"":{""name"":""host"",""operator"":""notequal""},""value"":""^www\\.linux\\.org\\.ru""},{""attributes"":{""name"":""host"",""operator"":""notequal""},""value"":""^beta\\.linux\\.org\\.ru""},{""attributes"":{""name"":""host"",""operator"":""notequal""},""value"":""^test-lor""},{""attributes"":{""name"":""host"",""operator"":""notequal""},""value"":""^localhost""},{""attributes"":{""name"":""host"",""operator"":""notequal""},""value"":""^10.0.2.2""},{""attributes"":{""name"":""host"",""operator"":""notequal""},""value"":""^127.0.0.1""},{""attributes"":{""name"":""host"",""operator"":""notequal""},""value"":""^$""}],""from"":""^/(.*)"",""kind"":""rule"",""source"":""src/main/webapp/WEB-INF/urlrewrite.xml"",""to"":""https://www.linux.org.ru/$1"",""to_attributes"":{""last"":""true"",""type"":""redirect""}}"
url_rewrite,rule,^/(.*),src/main/webapp/WEB-INF/urlrewrite.xml,"{""actions"":[],""conditions"":[{""attributes"":{""name"":""host"",""operator"":""equal""},""value"":""^www\\.linux\\.org\\.ru""},{""attributes"":{""operator"":""equal"",""type"":""scheme""},""value"":""^http$""}],""from"":""^/(.*)"",""kind"":""rule"",""source"":""src/main/webapp/WEB-INF/urlrewrite.xml"",""to"":""https://www.linux.org.ru/$1"",""to_attributes"":{""last"":""true"",""type"":""redirect""}}"
url_rewrite,rule,^/font/opensans/.*$,src/main/webapp/WEB-INF/urlrewrite.xml,"{""actions"":[{""attributes"":{""name"":""Cache-Control"",""type"":""response-header""},""tag"":""set"",""value"":""max-age=315360000""}],""conditions"":[],""from"":""^/font/opensans/.*$"",""kind"":""rule"",""source"":""src/main/webapp/WEB-INF/urlrewrite.xml"",""to"":null,""to_attributes"":{}}"
url_rewrite,rule,jquery.*\.(js)$,src/main/webapp/WEB-INF/urlrewrite.xml,"{""actions"":[{""attributes"":{""name"":""Cache-Control"",""type"":""response-header""},""tag"":""set"",""value"":""max-age=315360000""}],""conditions"":[],""from"":""jquery.*\\.(js)$"",""kind"":""rule"",""source"":""src/main/webapp/WEB-INF/urlrewrite.xml"",""to"":null,""to_attributes"":{}}"
url_rewrite,rule,\.(css|js|woff|svg|ttf|woff2)$,src/main/webapp/WEB-INF/urlrewrite.xml,"{""actions"":[{""attributes"":{""name"":""Cache-Control"",""type"":""response-header""},""tag"":""set"",""value"":""max-age=3600""}],""conditions"":[{""attributes"":{""operator"":""notequal"",""type"":""path-translated""},""value"":"".*jquery.*""},{""attributes"":{""operator"":""notequal"",""type"":""request-uri""},""value"":""/font/opensans/.*""}],""from"":""\\.(css|js|woff|svg|ttf|woff2)$"",""kind"":""rule"",""source"":""src/main/webapp/WEB-INF/urlrewrite.xml"",""to"":null,""to_attributes"":{}}"
url_rewrite,rule,\.(css|js|woff|svg|ttf|woff2)\?.,src/main/webapp/WEB-INF/urlrewrite.xml,"{""actions"":[{""attributes"":{""name"":""Cache-Control"",""type"":""response-header""},""tag"":""set"",""value"":""max-age=315360000""}],""conditions"":[],""from"":""\\.(css|js|woff|svg|ttf|woff2)\\?."",""kind"":""rule"",""source"":""src/main/webapp/WEB-INF/urlrewrite.xml"",""to"":null,""to_attributes"":{}}"
url_rewrite,rule,\.(gif)|(jpg)|(png)$,src/main/webapp/WEB-INF/urlrewrite.xml,"{""actions"":[{""attributes"":{""name"":""Cache-Control"",""type"":""response-header""},""tag"":""set"",""value"":""max-age=315360000""}],""conditions"":[{""attributes"":{""operator"":""notequal"",""type"":""request-uri""},""value"":""/adv/""}],""from"":""\\.(gif)|(jpg)|(png)$"",""kind"":""rule"",""source"":""src/main/webapp/WEB-INF/urlrewrite.xml"",""to"":null,""to_attributes"":{}}"
url_rewrite,rule,\.(gif)|(jpg)|(png)$,src/main/webapp/WEB-INF/urlrewrite.xml,"{""actions"":[{""attributes"":{""name"":""Cache-Control"",""type"":""response-header""},""tag"":""set"",""value"":""no-cache""}],""conditions"":[{""attributes"":{""type"":""request-uri""},""value"":""/adv/""}],""from"":""\\.(gif)|(jpg)|(png)$"",""kind"":""rule"",""source"":""src/main/webapp/WEB-INF/urlrewrite.xml"",""to"":null,""to_attributes"":{}}"
url_rewrite,outbound_rule,^(.*?)(?:\;jsessionid=[^\?#]*)?(\?[^#]*)?(#.*)?$,src/main/webapp/WEB-INF/urlrewrite.xml,"{""actions"":[],""conditions"":[],""from"":""^(.*?)(?:\\;jsessionid=[^\\?#]*)?(\\?[^#]*)?(#.*)?$"",""kind"":""outbound_rule"",""source"":""src/main/webapp/WEB-INF/urlrewrite.xml"",""to"":""$1$2$3"",""to_attributes"":{}}"
resource_handlers,resource_handler,/images/*/*.jpg,src/main/scala/ru/org/linux/ImagesResourcesConfiguration.scala,"{""kind"":""resource_handler"",""line"":44,""locations"":[""$base/images/""],""path"":""/images/*/*.jpg"",""source"":""src/main/scala/ru/org/linux/ImagesResourcesConfiguration.scala""}"
resource_handlers,resource_handler,/images/*/*.png,src/main/scala/ru/org/linux/ImagesResourcesConfiguration.scala,"{""kind"":""resource_handler"",""line"":44,""locations"":[""$base/images/""],""path"":""/images/*/*.png"",""source"":""src/main/scala/ru/org/linux/ImagesResourcesConfiguration.scala""}"
resource_handlers,resource_handler,/images/*/*.gif,src/main/scala/ru/org/linux/ImagesResourcesConfiguration.scala,"{""kind"":""resource_handler"",""line"":44,""locations"":[""$base/images/""],""path"":""/images/*/*.gif"",""source"":""src/main/scala/ru/org/linux/ImagesResourcesConfiguration.scala""}"
resource_handlers,resource_handler,/gallery/preview/*.jpg,src/main/scala/ru/org/linux/ImagesResourcesConfiguration.scala,"{""kind"":""resource_handler"",""line"":48,""locations"":[""$base/gallery/preview/""],""path"":""/gallery/preview/*.jpg"",""source"":""src/main/scala/ru/org/linux/ImagesResourcesConfiguration.scala""}"
resource_handlers,resource_handler,/gallery/preview/*.png,src/main/scala/ru/org/linux/ImagesResourcesConfiguration.scala,"{""kind"":""resource_handler"",""line"":48,""locations"":[""$base/gallery/preview/""],""path"":""/gallery/preview/*.png"",""source"":""src/main/scala/ru/org/linux/ImagesResourcesConfiguration.scala""}"
resource_handlers,resource_handler,/gallery/preview/*.gif,src/main/scala/ru/org/linux/ImagesResourcesConfiguration.scala,"{""kind"":""resource_handler"",""line"":48,""locations"":[""$base/gallery/preview/""],""path"":""/gallery/preview/*.gif"",""source"":""src/main/scala/ru/org/linux/ImagesResourcesConfiguration.scala""}"
resource_handlers,resource_handler,/photos/*,src/main/scala/ru/org/linux/ImagesResourcesConfiguration.scala,"{""kind"":""resource_handler"",""line"":51,""locations"":[""$base/photos/""],""path"":""/photos/*"",""source"":""src/main/scala/ru/org/linux/ImagesResourcesConfiguration.scala""}"
resource_handlers,resource_handler,/webjars/**,src/main/webapp/WEB-INF/springapp-servlet.xml,"{""cache_period"":""315360000"",""kind"":""resource_handler"",""line"":null,""locations"":[""classpath:/META-INF/resources/webjars/""],""path"":""/webjars/**"",""source"":""src/main/webapp/WEB-INF/springapp-servlet.xml""}"
servlet_mappings,servlet_mapping,/ExceptionResolver,src/main/webapp/WEB-INF/web.xml,"{""kind"":""servlet_mapping"",""path"":""/ExceptionResolver"",""servlet"":""springapp"",""source"":""src/main/webapp/WEB-INF/web.xml""}"
servlet_mappings,servlet_mapping,/,src/main/webapp/WEB-INF/web.xml,"{""kind"":""servlet_mapping"",""path"":""/"",""servlet"":""springapp"",""source"":""src/main/webapp/WEB-INF/web.xml""}"
servlet_mappings,servlet_mapping,/view-section.jsp,src/main/webapp/WEB-INF/web.xml,"{""kind"":""servlet_mapping"",""path"":""/view-section.jsp"",""servlet"":""springapp"",""source"":""src/main/webapp/WEB-INF/web.xml""}"
servlet_mappings,servlet_mapping,/tags.jsp,src/main/webapp/WEB-INF/web.xml,"{""kind"":""servlet_mapping"",""path"":""/tags.jsp"",""servlet"":""springapp"",""source"":""src/main/webapp/WEB-INF/web.xml""}"
servlet_mappings,servlet_mapping,/delip.jsp,src/main/webapp/WEB-INF/web.xml,"{""kind"":""servlet_mapping"",""path"":""/delip.jsp"",""servlet"":""springapp"",""source"":""src/main/webapp/WEB-INF/web.xml""}"
servlet_mappings,servlet_mapping,/add.jsp,src/main/webapp/WEB-INF/web.xml,"{""kind"":""servlet_mapping"",""path"":""/add.jsp"",""servlet"":""springapp"",""source"":""src/main/webapp/WEB-INF/web.xml""}"
servlet_mappings,servlet_mapping,/view-message.jsp,src/main/webapp/WEB-INF/web.xml,"{""kind"":""servlet_mapping"",""path"":""/view-message.jsp"",""servlet"":""springapp"",""source"":""src/main/webapp/WEB-INF/web.xml""}"
servlet_mappings,servlet_mapping,/login.jsp,src/main/webapp/WEB-INF/web.xml,"{""kind"":""servlet_mapping"",""path"":""/login.jsp"",""servlet"":""springapp"",""source"":""src/main/webapp/WEB-INF/web.xml""}"
servlet_mappings,servlet_mapping,/edit.jsp,src/main/webapp/WEB-INF/web.xml,"{""kind"":""servlet_mapping"",""path"":""/edit.jsp"",""servlet"":""springapp"",""source"":""src/main/webapp/WEB-INF/web.xml""}"
servlet_mappings,servlet_mapping,/commit.jsp,src/main/webapp/WEB-INF/web.xml,"{""kind"":""servlet_mapping"",""path"":""/commit.jsp"",""servlet"":""springapp"",""source"":""src/main/webapp/WEB-INF/web.xml""}"
servlet_mappings,servlet_mapping,/register.jsp,src/main/webapp/WEB-INF/web.xml,"{""kind"":""servlet_mapping"",""path"":""/register.jsp"",""servlet"":""springapp"",""source"":""src/main/webapp/WEB-INF/web.xml""}"
servlet_mappings,servlet_mapping,*.boxlet,src/main/webapp/WEB-INF/web.xml,"{""kind"":""servlet_mapping"",""path"":""*.boxlet"",""servlet"":""springapp"",""source"":""src/main/webapp/WEB-INF/web.xml""}"
servlet_mappings,servlet_mapping,/whois.jsp,src/main/webapp/WEB-INF/web.xml,"{""kind"":""servlet_mapping"",""path"":""/whois.jsp"",""servlet"":""springapp"",""source"":""src/main/webapp/WEB-INF/web.xml""}"
servlet_mappings,servlet_mapping,/edit-remark.jsp,src/main/webapp/WEB-INF/web.xml,"{""kind"":""servlet_mapping"",""path"":""/edit-remark.jsp"",""servlet"":""springapp"",""source"":""src/main/webapp/WEB-INF/web.xml""}"
servlet_mappings,servlet_mapping,/deregister.jsp,src/main/webapp/WEB-INF/web.xml,"{""kind"":""servlet_mapping"",""path"":""/deregister.jsp"",""servlet"":""springapp"",""source"":""src/main/webapp/WEB-INF/web.xml""}"
servlet_mappings,servlet_mapping,/group.jsp,src/main/webapp/WEB-INF/web.xml,"{""kind"":""servlet_mapping"",""path"":""/group.jsp"",""servlet"":""springapp"",""source"":""src/main/webapp/WEB-INF/web.xml""}"
servlet_mappings,servlet_mapping,/group-lastmod.jsp,src/main/webapp/WEB-INF/web.xml,"{""kind"":""servlet_mapping"",""path"":""/group-lastmod.jsp"",""servlet"":""springapp"",""source"":""src/main/webapp/WEB-INF/web.xml""}"
servlet_mappings,servlet_mapping,/show-replies.jsp,src/main/webapp/WEB-INF/web.xml,"{""kind"":""servlet_mapping"",""path"":""/show-replies.jsp"",""servlet"":""springapp"",""source"":""src/main/webapp/WEB-INF/web.xml""}"
servlet_mappings,servlet_mapping,/tracker.jsp,src/main/webapp/WEB-INF/web.xml,"{""kind"":""servlet_mapping"",""path"":""/tracker.jsp"",""servlet"":""springapp"",""source"":""src/main/webapp/WEB-INF/web.xml""}"
servlet_mappings,servlet_mapping,/lostpwd.jsp,src/main/webapp/WEB-INF/web.xml,"{""kind"":""servlet_mapping"",""path"":""/lostpwd.jsp"",""servlet"":""springapp"",""source"":""src/main/webapp/WEB-INF/web.xml""}"
servlet_mappings,servlet_mapping,/add_comment.jsp,src/main/webapp/WEB-INF/web.xml,"{""kind"":""servlet_mapping"",""path"":""/add_comment.jsp"",""servlet"":""springapp"",""source"":""src/main/webapp/WEB-INF/web.xml""}"
servlet_mappings,servlet_mapping,/delete.jsp,src/main/webapp/WEB-INF/web.xml,"{""kind"":""servlet_mapping"",""path"":""/delete.jsp"",""servlet"":""springapp"",""source"":""src/main/webapp/WEB-INF/web.xml""}"
servlet_mappings,servlet_mapping,/addphoto.jsp,src/main/webapp/WEB-INF/web.xml,"{""kind"":""servlet_mapping"",""path"":""/addphoto.jsp"",""servlet"":""springapp"",""source"":""src/main/webapp/WEB-INF/web.xml""}"
servlet_mappings,servlet_mapping,/comment-message.jsp,src/main/webapp/WEB-INF/web.xml,"{""kind"":""servlet_mapping"",""path"":""/comment-message.jsp"",""servlet"":""springapp"",""source"":""src/main/webapp/WEB-INF/web.xml""}"
servlet_mappings,servlet_mapping,/show-topics.jsp,src/main/webapp/WEB-INF/web.xml,"{""kind"":""servlet_mapping"",""path"":""/show-topics.jsp"",""servlet"":""springapp"",""source"":""src/main/webapp/WEB-INF/web.xml""}"
servlet_mappings,servlet_mapping,/add-section.jsp,src/main/webapp/WEB-INF/web.xml,"{""kind"":""servlet_mapping"",""path"":""/add-section.jsp"",""servlet"":""springapp"",""source"":""src/main/webapp/WEB-INF/web.xml""}"
servlet_mappings,servlet_mapping,/groupmod.jsp,src/main/webapp/WEB-INF/web.xml,"{""kind"":""servlet_mapping"",""path"":""/groupmod.jsp"",""servlet"":""springapp"",""source"":""src/main/webapp/WEB-INF/web.xml""}"
servlet_mappings,servlet_mapping,/activate.jsp,src/main/webapp/WEB-INF/web.xml,"{""kind"":""servlet_mapping"",""path"":""/activate.jsp"",""servlet"":""springapp"",""source"":""src/main/webapp/WEB-INF/web.xml""}"
servlet_mappings,servlet_mapping,/usermod.jsp,src/main/webapp/WEB-INF/web.xml,"{""kind"":""servlet_mapping"",""path"":""/usermod.jsp"",""servlet"":""springapp"",""source"":""src/main/webapp/WEB-INF/web.xml""}"
servlet_mappings,servlet_mapping,/banip.jsp,src/main/webapp/WEB-INF/web.xml,"{""kind"":""servlet_mapping"",""path"":""/banip.jsp"",""servlet"":""springapp"",""source"":""src/main/webapp/WEB-INF/web.xml""}"
servlet_mappings,servlet_mapping,/delete_comment.jsp,src/main/webapp/WEB-INF/web.xml,"{""kind"":""servlet_mapping"",""path"":""/delete_comment.jsp"",""servlet"":""springapp"",""source"":""src/main/webapp/WEB-INF/web.xml""}"
servlet_mappings,servlet_mapping,/section-rss.jsp,src/main/webapp/WEB-INF/web.xml,"{""kind"":""servlet_mapping"",""path"":""/section-rss.jsp"",""servlet"":""springapp"",""source"":""src/main/webapp/WEB-INF/web.xml""}"
servlet_mappings,servlet_mapping,/remove-userpic.jsp,src/main/webapp/WEB-INF/web.xml,"{""kind"":""servlet_mapping"",""path"":""/remove-userpic.jsp"",""servlet"":""springapp"",""source"":""src/main/webapp/WEB-INF/web.xml""}"
servlet_mappings,servlet_mapping,/view-news.jsp,src/main/webapp/WEB-INF/web.xml,"{""kind"":""servlet_mapping"",""path"":""/view-news.jsp"",""servlet"":""springapp"",""source"":""src/main/webapp/WEB-INF/web.xml""}"
servlet_mappings,servlet_mapping,/vote.jsp,src/main/webapp/WEB-INF/web.xml,"{""kind"":""servlet_mapping"",""path"":""/vote.jsp"",""servlet"":""springapp"",""source"":""src/main/webapp/WEB-INF/web.xml""}"
servlet_mappings,servlet_mapping,/search.jsp,src/main/webapp/WEB-INF/web.xml,"{""kind"":""servlet_mapping"",""path"":""/search.jsp"",""servlet"":""springapp"",""source"":""src/main/webapp/WEB-INF/web.xml""}"
servlet_mappings,servlet_mapping,/resolve.jsp,src/main/webapp/WEB-INF/web.xml,"{""kind"":""servlet_mapping"",""path"":""/resolve.jsp"",""servlet"":""springapp"",""source"":""src/main/webapp/WEB-INF/web.xml""}"
servlet_mappings,servlet_mapping,/view-all.jsp,src/main/webapp/WEB-INF/web.xml,"{""kind"":""servlet_mapping"",""path"":""/view-all.jsp"",""servlet"":""springapp"",""source"":""src/main/webapp/WEB-INF/web.xml""}"
servlet_mappings,servlet_mapping,/view-vote.jsp,src/main/webapp/WEB-INF/web.xml,"{""kind"":""servlet_mapping"",""path"":""/view-vote.jsp"",""servlet"":""springapp"",""source"":""src/main/webapp/WEB-INF/web.xml""}"
servlet_mappings,servlet_mapping,/jump-message.jsp,src/main/webapp/WEB-INF/web.xml,"{""kind"":""servlet_mapping"",""path"":""/jump-message.jsp"",""servlet"":""springapp"",""source"":""src/main/webapp/WEB-INF/web.xml""}"
servlet_mappings,servlet_mapping,/setpostscore.jsp,src/main/webapp/WEB-INF/web.xml,"{""kind"":""servlet_mapping"",""path"":""/setpostscore.jsp"",""servlet"":""springapp"",""source"":""src/main/webapp/WEB-INF/web.xml""}"
servlet_mappings,servlet_mapping,/show-comments.jsp,src/main/webapp/WEB-INF/web.xml,"{""kind"":""servlet_mapping"",""path"":""/show-comments.jsp"",""servlet"":""springapp"",""source"":""src/main/webapp/WEB-INF/web.xml""}"
servlet_mappings,servlet_mapping,/sameip.jsp,src/main/webapp/WEB-INF/web.xml,"{""kind"":""servlet_mapping"",""path"":""/sameip.jsp"",""servlet"":""springapp"",""source"":""src/main/webapp/WEB-INF/web.xml""}"
servlet_mappings,servlet_mapping,/mtn.jsp,src/main/webapp/WEB-INF/web.xml,"{""kind"":""servlet_mapping"",""path"":""/mtn.jsp"",""servlet"":""springapp"",""source"":""src/main/webapp/WEB-INF/web.xml""}"
servlet_mappings,servlet_mapping,/mt.jsp,src/main/webapp/WEB-INF/web.xml,"{""kind"":""servlet_mapping"",""path"":""/mt.jsp"",""servlet"":""springapp"",""source"":""src/main/webapp/WEB-INF/web.xml""}"
servlet_mappings,servlet_mapping,/memories.jsp,src/main/webapp/WEB-INF/web.xml,"{""kind"":""servlet_mapping"",""path"":""/memories.jsp"",""servlet"":""springapp"",""source"":""src/main/webapp/WEB-INF/web.xml""}"
servlet_mappings,servlet_mapping,/uncommit.jsp,src/main/webapp/WEB-INF/web.xml,"{""kind"":""servlet_mapping"",""path"":""/uncommit.jsp"",""servlet"":""springapp"",""source"":""src/main/webapp/WEB-INF/web.xml""}"
filter_mappings,filter_mapping,/*,src/main/webapp/WEB-INF/web.xml,"{""dispatchers"":[],""filter"":""UrlRewriteFilter"",""kind"":""filter_mapping"",""path"":""/*"",""source"":""src/main/webapp/WEB-INF/web.xml""}"
filter_mappings,filter_mapping,/*,src/main/webapp/WEB-INF/web.xml,"{""dispatchers"":[""REQUEST"",""ERROR"",""ASYNC""],""filter"":""springSecurityFilterChain"",""kind"":""filter_mapping"",""path"":""/*"",""source"":""src/main/webapp/WEB-INF/web.xml""}"
error_pages,error_page,/errors/404,src/main/webapp/WEB-INF/web.xml,"{""error_code"":""404"",""exception_type"":null,""kind"":""error_page"",""path"":""/errors/404"",""source"":""src/main/webapp/WEB-INF/web.xml""}"
error_pages,error_page,/errors/403,src/main/webapp/WEB-INF/web.xml,"{""error_code"":""403"",""exception_type"":null,""kind"":""error_page"",""path"":""/errors/403"",""source"":""src/main/webapp/WEB-INF/web.xml""}"
error_pages,error_page,/ExceptionResolver,src/main/webapp/WEB-INF/web.xml,"{""error_code"":null,""exception_type"":""java.lang.Throwable"",""kind"":""error_page"",""path"":""/ExceptionResolver"",""source"":""src/main/webapp/WEB-INF/web.xml""}"
interceptors,spring_mvc_interceptor,/** (unless excluded by nested config),src/main/webapp/WEB-INF/springapp-servlet.xml,"{""class"":""ru.org.linux.monitoring.Perf4jHandlerInterceptor"",""kind"":""spring_mvc_interceptor"",""path"":""/** (unless excluded by nested config)"",""source"":""src/main/webapp/WEB-INF/springapp-servlet.xml""}"
interceptors,spring_mvc_interceptor,/** (unless excluded by nested config),src/main/webapp/WEB-INF/springapp-servlet.xml,"{""class"":""ru.org.linux.csrf.CSRFHandlerInterceptor"",""kind"":""spring_mvc_interceptor"",""path"":""/** (unless excluded by nested config)"",""source"":""src/main/webapp/WEB-INF/springapp-servlet.xml""}"
interceptors,spring_mvc_interceptor,/** (unless excluded by nested config),src/main/webapp/WEB-INF/springapp-servlet.xml,"{""class"":""ru.org.linux.auth.HstsInterceptor"",""kind"":""spring_mvc_interceptor"",""path"":""/** (unless excluded by nested config)"",""source"":""src/main/webapp/WEB-INF/springapp-servlet.xml""}"
interceptors,spring_mvc_interceptor,/** (unless excluded by nested config),src/main/webapp/WEB-INF/springapp-servlet.xml,"{""class"":""ru.org.linux.auth.LastLoginInterceptor"",""kind"":""spring_mvc_interceptor"",""path"":""/** (unless excluded by nested config)"",""source"":""src/main/webapp/WEB-INF/springapp-servlet.xml""}"
static_surface,static_file,/.htaccess,src/main/webapp/.htaccess,"{""extensions"":[""(none)""],""file_count"":1,""kind"":""static_file"",""path"":""/.htaccess"",""served_by"":""default servlet"",""source"":""src/main/webapp/.htaccess""}"
static_surface,static_root,/adv/**,src/main/webapp/adv,"{""extensions"":["".png""],""file_count"":3,""kind"":""static_root"",""path"":""/adv/**"",""served_by"":""default servlet"",""source"":""src/main/webapp/adv""}"
static_surface,static_root,/black/**,src/main/webapp/black,"{""extensions"":["".css"","".png""],""file_count"":4,""kind"":""static_root"",""path"":""/black/**"",""served_by"":""default servlet"",""source"":""src/main/webapp/black""}"
static_surface,static_file,/favicon.ico,src/main/webapp/favicon.ico,"{""extensions"":["".ico""],""file_count"":1,""kind"":""static_file"",""path"":""/favicon.ico"",""served_by"":""default servlet"",""source"":""src/main/webapp/favicon.ico""}"
static_surface,static_root,/font/**,src/main/webapp/font,"{""extensions"":["".eot"","".json"","".svg"","".ttf"","".txt"","".woff"","".woff2""],""file_count"":17,""kind"":""static_root"",""path"":""/font/**"",""served_by"":""default servlet"",""source"":""src/main/webapp/font""}"
static_surface,static_file,/googlea3fb422736ed276d.html,src/main/webapp/googlea3fb422736ed276d.html,"{""extensions"":["".html""],""file_count"":1,""kind"":""static_file"",""path"":""/googlea3fb422736ed276d.html"",""served_by"":""default servlet"",""source"":""src/main/webapp/googlea3fb422736ed276d.html""}"
static_surface,static_root,/help/**,src/main/webapp/help,"{""extensions"":["".md""],""file_count"":6,""kind"":""static_root"",""path"":""/help/**"",""served_by"":""default servlet"",""source"":""src/main/webapp/help""}"
static_surface,static_root,/img/**,src/main/webapp/img,"{""extensions"":["".gif"","".jpg"","".png"","".svg""],""file_count"":21,""kind"":""static_root"",""path"":""/img/**"",""served_by"":""default servlet"",""source"":""src/main/webapp/img""}"
static_surface,static_root,/js/**,src/main/webapp/js,"{""extensions"":["".js""],""file_count"":19,""kind"":""static_root"",""path"":""/js/**"",""served_by"":""default servlet"",""source"":""src/main/webapp/js""}"
static_surface,static_file,/manifest.json,src/main/webapp/manifest.json,"{""extensions"":["".json""],""file_count"":1,""kind"":""static_file"",""path"":""/manifest.json"",""served_by"":""default servlet"",""source"":""src/main/webapp/manifest.json""}"
static_surface,static_root,/qrerror/**,src/main/webapp/qrerror,"{""extensions"":["".html""],""file_count"":1,""kind"":""static_root"",""path"":""/qrerror/**"",""served_by"":""default servlet"",""source"":""src/main/webapp/qrerror""}"
static_surface,static_file,/robots.txt,src/main/webapp/robots.txt,"{""extensions"":["".txt""],""file_count"":1,""kind"":""static_file"",""path"":""/robots.txt"",""served_by"":""default servlet"",""source"":""src/main/webapp/robots.txt""}"
static_surface,static_root,/sass/**,src/main/webapp/sass,"{""extensions"":["".scss""],""file_count"":34,""kind"":""static_root"",""path"":""/sass/**"",""served_by"":""default servlet"",""source"":""src/main/webapp/sass""}"
static_surface,static_root,/tango/**,src/main/webapp/tango,"{""extensions"":["".css"","".png"","".xcf""],""file_count"":44,""kind"":""static_root"",""path"":""/tango/**"",""served_by"":""default servlet"",""source"":""src/main/webapp/tango""}"
static_surface,static_root,/waltz/**,src/main/webapp/waltz,"{""extensions"":["".css""],""file_count"":1,""kind"":""static_root"",""path"":""/waltz/**"",""served_by"":""default servlet"",""source"":""src/main/webapp/waltz""}"
static_surface,static_root,/white2/**,src/main/webapp/white2,"{""extensions"":["".css"","".jpg"","".png""],""file_count"":4,""kind"":""static_root"",""path"":""/white2/**"",""served_by"":""default servlet"",""source"":""src/main/webapp/white2""}"
static_surface,static_root,/zomg_ponies/**,src/main/webapp/zomg_ponies,"{""extensions"":["".gif"","".jpg"","".png""],""file_count"":5,""kind"":""static_root"",""path"":""/zomg_ponies/**"",""served_by"":""default servlet"",""source"":""src/main/webapp/zomg_ponies""}"
controller_advice,controller_advice,,src/main/java/ru/org/linux/util/BinderControllerAdvice.java,"{""class"":""BinderControllerAdvice"",""disallowed_binding_fields"":[""class."",""Class."","".class."","".Class.""],""kind"":""controller_advice"",""order_expression"":""10000"",""source"":""src/main/java/ru/org/linux/util/BinderControllerAdvice.java""}"
