methods,path,params,produces,controller,handler,source,line,annotation
ANY,/,,,MainPageController,mainPage,src/main/scala/ru/org/linux/spring/MainPageController.scala,40,"@RequestMapping(path = Array(""/"", ""/index.jsp""))"
ANY,/ExceptionResolver,,,ExceptionController,defaultExceptionHandler,src/main/scala/ru/org/linux/exception/ExceptionController.scala,27,"@RequestMapping(Array(""/ExceptionResolver""))"
ANY,/about,,,ServerInfoController,serverInfo,src/main/scala/ru/org/linux/spring/ServerInfoController.scala,26,"@RequestMapping(Array(""/about""))"
GET,/activate,,,RegisterController,activateForm,src/main/scala/ru/org/linux/user/RegisterController.scala,117,"@RequestMapping(value = Array(""/activate"", ""/activate.jsp""), method = Array(RequestMethod.GET))"
POST,/activate,action,,RegisterController,activateNew,src/main/scala/ru/org/linux/user/RegisterController.scala,123,"@RequestMapping(value = Array(""/activate"", ""/activate.jsp""), method = Array(RequestMethod.POST), params = Array(""action""))"
POST,/activate,!action,,RegisterController,activate,src/main/scala/ru/org/linux/user/RegisterController.scala,172,"@RequestMapping(value = Array(""/activate"", ""/activate.jsp""), method = Array(RequestMethod.POST), params = Array(""!action""))"
GET,/activate.jsp,,,RegisterController,activateForm,src/main/scala/ru/org/linux/user/RegisterController.scala,117,"@RequestMapping(value = Array(""/activate"", ""/activate.jsp""), method = Array(RequestMethod.GET))"
POST,/activate.jsp,action,,RegisterController,activateNew,src/main/scala/ru/org/linux/user/RegisterController.scala,123,"@RequestMapping(value = Array(""/activate"", ""/activate.jsp""), method = Array(RequestMethod.POST), params = Array(""action""))"
POST,/activate.jsp,!action,,RegisterController,activate,src/main/scala/ru/org/linux/user/RegisterController.scala,172,"@RequestMapping(value = Array(""/activate"", ""/activate.jsp""), method = Array(RequestMethod.POST), params = Array(""!action""))"
ANY,/add-section.jsp,section,,AddTopicController,showFormWithSection,src/main/scala/ru/org/linux/topic/AddTopicController.scala,308,"@RequestMapping(path = Array(""/add-section.jsp""), params = Array(""section""))"
ANY,/add-section.jsp,!section,,AddTopicController,showFormAllSections,src/main/scala/ru/org/linux/topic/AddTopicController.scala,373,"@RequestMapping(path = Array(""/add-section.jsp""), params = Array(""!section""))"
GET,/add.jsp,,,AddTopicController,add,src/main/scala/ru/org/linux/topic/AddTopicController.scala,132,"@RequestMapping(value = Array(""/add.jsp""), method = Array(RequestMethod.GET))"
POST,/add.jsp,,,AddTopicController,doAdd,src/main/scala/ru/org/linux/topic/AddTopicController.scala,172,"@RequestMapping(value = Array(""/add.jsp""), method = Array(RequestMethod.POST))"
GET,/add_comment.jsp,,,AddCommentController,showFormReply,src/main/scala/ru/org/linux/comment/AddCommentController.scala,54,"@RequestMapping(value = Array(""/add_comment.jsp""), method = Array(RequestMethod.GET))"
POST,/add_comment.jsp,,,AddCommentController,addComment,src/main/scala/ru/org/linux/comment/AddCommentController.scala,89,"@RequestMapping(value = Array(""/add_comment.jsp""), method = Array(RequestMethod.POST))"
POST,/add_comment_ajax,,application/json; charset=UTF-8,AddCommentController,addCommentAjax,src/main/scala/ru/org/linux/comment/AddCommentController.scala,136,"@RequestMapping(value = Array(""/add_comment_ajax""), produces = Array(""application/json; charset=UTF-8""), method = Array(RequestMethod.POST))"
GET,/addphoto.jsp,,,UserpicController,showForm,src/main/scala/ru/org/linux/user/UserpicController.scala,45,"@RequestMapping(value = Array(""/addphoto.jsp""), method = Array(RequestMethod.GET))"
POST,/addphoto.jsp,,,UserpicController,addPhoto,src/main/scala/ru/org/linux/user/UserpicController.scala,52,"@RequestMapping(value = Array(""/addphoto.jsp""), method = Array(RequestMethod.POST))"
GET,/admin/geoip,,,GeoLocationController,geoip,src/main/scala/ru/org/linux/auth/GeoLocationController.scala,24,"@RequestMapping(value = Array(""/admin/geoip""), method = Array(RequestMethod.GET))"
POST,/admin/search-reindex,action=all,,SearchControlController,reindexAll,src/main/scala/ru/org/linux/search/SearchControlController.scala,28,"@RequestMapping(value = Array(""/admin/search-reindex""), method = Array(RequestMethod.POST), params = Array(""action=all""))"
POST,/admin/search-reindex,action=current,,SearchControlController,reindexCurrentMonth,src/main/scala/ru/org/linux/search/SearchControlController.scala,51,"@RequestMapping(value = Array(""/admin/search-reindex""), method = Array(RequestMethod.POST), params = Array(""action=current""))"
GET,/admin/search-reindex,,,SearchControlController,reindex,src/main/scala/ru/org/linux/search/SearchControlController.scala,64,"@RequestMapping(value = Array(""/admin/search-reindex""), method = Array(RequestMethod.GET))"
ANY,/articles.boxlet,,,ArticlesBoxlet,getData,src/main/scala/ru/org/linux/boxlets/ArticlesBoxlet.scala,29,"@RequestMapping(path = Array(""/articles.boxlet""))"
ANY,/articles/archive,,,ArchiveController,articlesArchive,src/main/scala/ru/org/linux/topic/ArchiveController.scala,85,"@RequestMapping(path = Array(""/articles/archive""))"
ANY,/articles/{group}/{id}/history,,,EditHistoryController,showEditInfo,src/main/scala/ru/org/linux/edithistory/EditHistoryController.scala,35,"@RequestMapping(Array(""/news/{group}/{id}/history"", ""/forum/{group}/{id}/history"", ""/gallery/{group}/{id}/history"", ""/polls/{group}/{id}/history"", ""/articles/{group}/{id}/history""))"
ANY,/articles/{group}/{id}/{commentid}/history,,,EditHistoryController,showCommentEditInfo,src/main/scala/ru/org/linux/edithistory/EditHistoryController.scala,60,"@RequestMapping(Array(""/news/{group}/{id}/{commentid}/history"", ""/forum/{group}/{id}/{commentid}/history"", ""/gallery/{group}/{id}/{commentid}/history"", ""/polls/{group}/{id}/{commentid}/history"", ""/articles/{group}/{id}/{commentid}/history""))"
POST,/banip.jsp,,,BanIPController,banIP,src/main/scala/ru/org/linux/auth/BanIPController.scala,34,"@RequestMapping(value = Array(""/banip.jsp""), method = Array(RequestMethod.POST))"
ANY,/check-login,,,RegisterController,ajaxLoginCheck,src/main/scala/ru/org/linux/user/RegisterController.scala,194,"@RequestMapping(path = Array(""check-login""))"
POST,/clear-warning,,,WarningController,clear,src/main/scala/ru/org/linux/warning/WarningController.scala,198,"@RequestMapping(value = Array(""/clear-warning""), method = Array(RequestMethod.POST))"
ANY,/comment-message.jsp,,,AddCommentController,showFormTopic,src/main/scala/ru/org/linux/comment/AddCommentController.scala,71,"@RequestMapping(path = Array(""/comment-message.jsp""))"
GET,/commit.jsp,,,EditTopicController,showCommitForm,src/main/scala/ru/org/linux/topic/EditTopicController.scala,57,"@RequestMapping(value = Array(""/commit.jsp""), method = Array(RequestMethod.GET))"
GET,/delete.jsp,,,DeleteTopicController,showForm,src/main/scala/ru/org/linux/topic/DeleteTopicController.scala,50,"@RequestMapping(value = Array(""/delete.jsp""), method = Array(RequestMethod.GET))"
POST,/delete.jsp,,,DeleteTopicController,deleteMessage,src/main/scala/ru/org/linux/topic/DeleteTopicController.scala,73,"@RequestMapping(value = Array(""/delete.jsp""), method = Array(RequestMethod.POST))"
GET,/delete_comment.jsp,,,DeleteCommentController,showForm,src/main/scala/ru/org/linux/comment/DeleteCommentController.scala,44,"@RequestMapping(value = Array(""/delete_comment.jsp""), method = Array(RequestMethod.GET))"
POST,/delete_comment.jsp,,,DeleteCommentController,deleteComments,src/main/scala/ru/org/linux/comment/DeleteCommentController.scala,83,"@RequestMapping(value = Array(""/delete_comment.jsp""), method = Array(RequestMethod.POST))"
GET,/delete_image,,,DeleteImageController,deleteForm,src/main/scala/ru/org/linux/gallery/DeleteImageController.scala,39,@RequestMapping(method = Array(RequestMethod.GET))
POST,/delete_image,,,DeleteImageController,deleteImage,src/main/scala/ru/org/linux/gallery/DeleteImageController.scala,56,@RequestMapping(method = Array(RequestMethod.POST))
POST,/delip.jsp,,,DelIPController,delIp,src/main/scala/ru/org/linux/admin/DelIPController.scala,44,"@RequestMapping(value = Array(""/delip.jsp""), method = Array(RequestMethod.POST))"
"GET,HEAD",/deregister.jsp,,,DeregisterController,show,src/main/scala/ru/org/linux/user/DeregisterController.scala,49,"@RequestMapping(value = Array(""/deregister.jsp""), method = Array(RequestMethod.GET, RequestMethod.HEAD))"
POST,/deregister.jsp,,,DeregisterController,deregister,src/main/scala/ru/org/linux/user/DeregisterController.scala,56,"@RequestMapping(value = Array(""/deregister.jsp""), method = Array(RequestMethod.POST))"
GET,/edit.jsp,,,EditTopicController,showEditForm,src/main/scala/ru/org/linux/topic/EditTopicController.scala,84,"@RequestMapping(value = Array(""/edit.jsp""), method = Array(RequestMethod.GET))"
POST,/edit.jsp,,,EditTopicController,edit,src/main/scala/ru/org/linux/topic/EditTopicController.scala,215,"@RequestMapping(value = Array(""/edit.jsp""), method = Array(RequestMethod.POST))"
GET,/edit_comment,,,EditCommentController,editCommentShowHandler,src/main/scala/ru/org/linux/comment/EditCommentController.scala,54,"@RequestMapping(value = Array(""/edit_comment""), method = Array(RequestMethod.GET))"
POST,/edit_comment,,,EditCommentController,editCommentPostHandler,src/main/scala/ru/org/linux/comment/EditCommentController.scala,96,"@RequestMapping(value = Array(""/edit_comment""), method = Array(RequestMethod.POST))"
ANY,/errors/403,,,HttpErrorController,handle403,src/main/scala/ru/org/linux/site/HttpErrorController.scala,25,"@RequestMapping(Array(""/errors/403""))"
ANY,/errors/404,,,HttpErrorController,handle404,src/main/scala/ru/org/linux/site/HttpErrorController.scala,22,"@RequestMapping(Array(""/errors/404""))"
ANY,/forum,,,SectionController,forum,src/main/scala/ru/org/linux/section/SectionController.scala,30,"@RequestMapping(path = Array(""/forum""))"
ANY,/forum/lenta,,,TopicListController,forum,src/main/scala/ru/org/linux/topic/TopicListController.scala,185,"@RequestMapping(path = Array(""/forum/lenta""))"
ANY,/forum/{group},,,GroupController,forum,src/main/scala/ru/org/linux/group/GroupController.scala,104,"@RequestMapping(path = Array(""/forum/{group}""))"
ANY,/forum/{group}/archive,,,ArchiveController,forumArchive,src/main/scala/ru/org/linux/topic/ArchiveController.scala,88,"@RequestMapping(path = Array(""/forum/{group}/archive""))"
ANY,/forum/{group}/{id}/history,,,EditHistoryController,showEditInfo,src/main/scala/ru/org/linux/edithistory/EditHistoryController.scala,35,"@RequestMapping(Array(""/news/{group}/{id}/history"", ""/forum/{group}/{id}/history"", ""/gallery/{group}/{id}/history"", ""/polls/{group}/{id}/history"", ""/articles/{group}/{id}/history""))"
ANY,/forum/{group}/{id}/{commentid}/history,,,EditHistoryController,showCommentEditInfo,src/main/scala/ru/org/linux/edithistory/EditHistoryController.scala,60,"@RequestMapping(Array(""/news/{group}/{id}/{commentid}/history"", ""/forum/{group}/{id}/{commentid}/history"", ""/gallery/{group}/{id}/{commentid}/history"", ""/polls/{group}/{id}/{commentid}/history"", ""/articles/{group}/{id}/{commentid}/history""))"
ANY,/forum/{group}/{year}/{month},,,GroupController,forumArchive,src/main/scala/ru/org/linux/group/GroupController.scala,71,"@RequestMapping(path = Array(""/forum/{group}/{year:\\d{4}}/{month:\\d+}""))"
ANY,/gallery/archive,,,ArchiveController,galleryArchive,src/main/scala/ru/org/linux/topic/ArchiveController.scala,76,"@RequestMapping(path = Array(""/gallery/archive""))"
ANY,/gallery/{group}/{id}/history,,,EditHistoryController,showEditInfo,src/main/scala/ru/org/linux/edithistory/EditHistoryController.scala,35,"@RequestMapping(Array(""/news/{group}/{id}/history"", ""/forum/{group}/{id}/history"", ""/gallery/{group}/{id}/history"", ""/polls/{group}/{id}/history"", ""/articles/{group}/{id}/history""))"
ANY,/gallery/{group}/{id}/{commentid}/history,,,EditHistoryController,showCommentEditInfo,src/main/scala/ru/org/linux/edithistory/EditHistoryController.scala,60,"@RequestMapping(Array(""/news/{group}/{id}/{commentid}/history"", ""/forum/{group}/{id}/{commentid}/history"", ""/gallery/{group}/{id}/{commentid}/history"", ""/polls/{group}/{id}/{commentid}/history"", ""/articles/{group}/{id}/{commentid}/history""))"
ANY,/group-lastmod.jsp,,,GroupController,topicsLastmod,src/main/scala/ru/org/linux/group/GroupController.scala,59,"@RequestMapping(path = Array(""/group-lastmod.jsp""))"
ANY,/group.jsp,,,GroupController,topics,src/main/scala/ru/org/linux/group/GroupController.scala,47,"@RequestMapping(path = Array(""/group.jsp""))"
GET,/groupmod.jsp,,,GroupModificationController,showForm,src/main/scala/ru/org/linux/group/GroupModificationController.scala,30,"@RequestMapping(value = Array(""/groupmod.jsp""), method = Array(RequestMethod.GET))"
POST,/groupmod.jsp,,,GroupModificationController,modifyGroup,src/main/scala/ru/org/linux/group/GroupModificationController.scala,44,"@RequestMapping(value = Array(""/groupmod.jsp""), method = Array(RequestMethod.POST))"
ANY,/help/{page},,,HelpController,helpPage,src/main/scala/ru/org/linux/help/HelpController.scala,34,"@RequestMapping(path = Array(""/help/{page}""))"
ANY,/index.jsp,,,MainPageController,mainPage,src/main/scala/ru/org/linux/spring/MainPageController.scala,40,"@RequestMapping(path = Array(""/"", ""/index.jsp""))"
"GET,HEAD",/jump-message.jsp,,,TopicController,jumpMessage,src/main/scala/ru/org/linux/topic/TopicController.scala,450,"@RequestMapping(value = Array(""/jump-message.jsp""), method = Array(RequestMethod.GET, RequestMethod.HEAD))"
"GET,HEAD",/login.jsp,,,LoginController,loginForm,src/main/scala/ru/org/linux/auth/LoginController.scala,132,"@RequestMapping(value = Array(""/login.jsp""), method = Array(RequestMethod.GET, RequestMethod.HEAD))"
POST,/login_process,,,LoginController,loginProcess,src/main/scala/ru/org/linux/auth/LoginController.scala,53,"@RequestMapping(value = Array(""/login_process""), method = Array(RequestMethod.POST))"
POST,/logout,,,LoginController,logout,src/main/scala/ru/org/linux/auth/LoginController.scala,108,"@RequestMapping(value = Array(""/logout""), method = Array(RequestMethod.POST))"
GET,/logout,,,LoginController,logoutLink,src/main/scala/ru/org/linux/auth/LoginController.scala,125,"@RequestMapping(value = Array(""/logout"", ""/logout_all_sessions""), method = Array(RequestMethod.GET))"
POST,/logout_all_sessions,,,LoginController,logoutAllDevices,src/main/scala/ru/org/linux/auth/LoginController.scala,119,"@RequestMapping(value = Array(""/logout_all_sessions""), method = Array(RequestMethod.POST))"
GET,/logout_all_sessions,,,LoginController,logoutLink,src/main/scala/ru/org/linux/auth/LoginController.scala,125,"@RequestMapping(value = Array(""/logout"", ""/logout_all_sessions""), method = Array(RequestMethod.GET))"
GET,/lostpwd.jsp,,,LostPasswordController,showForm,src/main/scala/ru/org/linux/user/LostPasswordController.scala,39,@RequestMapping(method = Array(RequestMethod.GET))
POST,/lostpwd.jsp,,,LostPasswordController,sendPassword,src/main/scala/ru/org/linux/user/LostPasswordController.scala,42,@RequestMapping(method = Array(RequestMethod.POST))
POST,/markup/preview,,application/json; charset=UTF-8,MarkupPreviewController,preview,src/main/scala/ru/org/linux/markup/MarkupPreviewController.scala,34,"@RequestMapping(path = Array(""/preview""), method = Array(RequestMethod.POST), produces = Array(""application/json; charset=UTF-8""))"
POST,/memories.jsp,add,,MemoriesController,add,src/main/scala/ru/org/linux/user/MemoriesController.scala,28,"@RequestMapping(value = Array(""/memories.jsp""), params = Array(""add""), method = Array(RequestMethod.POST))"
POST,/memories.jsp,remove,,MemoriesController,remove,src/main/scala/ru/org/linux/user/MemoriesController.scala,50,"@RequestMapping(value = Array(""/memories.jsp""), params = Array(""remove""), method = Array(RequestMethod.POST))"
POST,/mt.jsp,,,TopicModificationController,moveTopic,src/main/scala/ru/org/linux/topic/TopicModificationController.scala,99,"@RequestMapping(value = Array(""/mt.jsp""), method = Array(RequestMethod.POST))"
GET,/mt.jsp,,,TopicModificationController,moveToForumForm,src/main/scala/ru/org/linux/topic/TopicModificationController.scala,119,"@RequestMapping(value = Array(""/mt.jsp""), method = Array(RequestMethod.GET))"
GET,/mtn.jsp,,,TopicModificationController,movePremoderatedForm,src/main/scala/ru/org/linux/topic/TopicModificationController.scala,134,"@RequestMapping(value = Array(""/mtn.jsp""), method = Array(RequestMethod.GET))"
ANY,/news/archive,,,ArchiveController,newsArchive,src/main/scala/ru/org/linux/topic/ArchiveController.scala,79,"@RequestMapping(path = Array(""/news/archive""))"
ANY,/news/{group}/{id}/history,,,EditHistoryController,showEditInfo,src/main/scala/ru/org/linux/edithistory/EditHistoryController.scala,35,"@RequestMapping(Array(""/news/{group}/{id}/history"", ""/forum/{group}/{id}/history"", ""/gallery/{group}/{id}/history"", ""/polls/{group}/{id}/history"", ""/articles/{group}/{id}/history""))"
ANY,/news/{group}/{id}/{commentid}/history,,,EditHistoryController,showCommentEditInfo,src/main/scala/ru/org/linux/edithistory/EditHistoryController.scala,60,"@RequestMapping(Array(""/news/{group}/{id}/{commentid}/history"", ""/forum/{group}/{id}/{commentid}/history"", ""/gallery/{group}/{id}/{commentid}/history"", ""/polls/{group}/{id}/{commentid}/history"", ""/articles/{group}/{id}/{commentid}/history""))"
POST,/notifications,,,UserEventController,resetNotifications,src/main/scala/ru/org/linux/user/UserEventController.scala,58,"@RequestMapping(value = Array(""/notifications""), method = Array(RequestMethod.POST))"
"GET,HEAD",/notifications,,,UserEventController,showNotifications,src/main/scala/ru/org/linux/user/UserEventController.scala,126,"@RequestMapping(value = Array(""/notifications""), method = Array(RequestMethod.GET, RequestMethod.HEAD))"
POST,/notifications-click,,,UserEventController,clickNotifications,src/main/scala/ru/org/linux/user/UserEventController.scala,68,"@RequestMapping(value = Array(""/notifications-click""), method = Array(RequestMethod.POST))"
POST,/notifications-click/ajax,,application/json,UserEventController,clickNotificationsAjax,src/main/scala/ru/org/linux/user/UserEventController.scala,76,"@RequestMapping(value = Array(""/notifications-click/ajax""), method = Array(RequestMethod.POST), produces = Array(""application/json""))"
GET,/notifications-count,,,UserEventApiController,getEventsCount,src/main/scala/ru/org/linux/user/UserEventApiController.scala,31,"@RequestMapping(value = Array(""/notifications-count""), method = Array(RequestMethod.GET))"
POST,/notifications-reset,,,UserEventApiController,resetNotifications,src/main/scala/ru/org/linux/user/UserEventApiController.scala,37,"@RequestMapping(value = Array(""/notifications-reset""), method = Array(RequestMethod.POST))"
ANY,/people/{nick},output=rss,,UserTopicListController,showUserTopicsRssGone,src/main/scala/ru/org/linux/topic/UserTopicListController.scala,84,"@RequestMapping(params = Array(""output=rss""))"
ANY,/people/{nick}/deleted-comments,,,ShowCommentsController,showDeletedComments,src/main/scala/ru/org/linux/comment/ShowCommentsController.scala,61,"@RequestMapping(value = Array(""/people/{nick}/deleted-comments""))"
GET,/people/{nick}/deleted-topics,,,UserTopicListController,showDeletedTopics,src/main/scala/ru/org/linux/topic/UserTopicListController.scala,143,"@RequestMapping(value = Array(""deleted-topics""), method = Array(RequestMethod.GET))"
ANY,/people/{nick}/drafts,,,UserTopicListController,showUserDrafts,src/main/scala/ru/org/linux/topic/UserTopicListController.scala,59,"@RequestMapping(value = Array(""drafts""))"
GET,/people/{nick}/edit,,,EditProfileController,show,src/main/scala/ru/org/linux/user/EditProfileController.scala,58,@RequestMapping(method = Array(RequestMethod.GET))
POST,/people/{nick}/edit,,,EditProfileController,edit,src/main/scala/ru/org/linux/user/EditProfileController.scala,102,@RequestMapping(method = Array(RequestMethod.POST))
ANY,/people/{nick}/favs,,,UserTopicListController,showUserFavs,src/main/scala/ru/org/linux/topic/UserTopicListController.scala,37,"@RequestMapping(value = Array(""favs""))"
"GET,HEAD",/people/{nick}/profile,reset-password,,ResetPasswordController,showModeratorForm,src/main/scala/ru/org/linux/user/ResetPasswordController.scala,33,"@RequestMapping(value = Array(""/people/{nick}/profile""), method = Array(RequestMethod.GET, RequestMethod.HEAD), params = Array(""reset-password""))"
"GET,HEAD",/people/{nick}/profile,,,WhoisController,getInfoNew,src/main/scala/ru/org/linux/user/WhoisController.scala,49,"@RequestMapping(value = Array(""/people/{nick}/profile""), method = Array(RequestMethod.GET, RequestMethod.HEAD))"
"GET,HEAD",/people/{nick}/profile,year-stats,,WhoisController,yearStats,src/main/scala/ru/org/linux/user/WhoisController.scala,204,"@RequestMapping(value = Array(""/people/{nick}/profile""), method = Array(RequestMethod.GET, RequestMethod.HEAD), params = Array(""year-stats""))"
"GET,HEAD",/people/{nick}/profile/wipe,,,UserModificationController,wipe,src/main/scala/ru/org/linux/user/UserModificationController.scala,315,"@RequestMapping(value = Array(""/people/{nick}/profile/wipe""), method = Array(RequestMethod.GET, RequestMethod.HEAD))"
GET,/people/{nick}/remark,,,EditRemarkController,showForm,src/main/scala/ru/org/linux/user/EditRemarkController.scala,29,@RequestMapping(method = Array(RequestMethod.GET))
POST,/people/{nick}/remark,,,EditRemarkController,editProfile,src/main/scala/ru/org/linux/user/EditRemarkController.scala,48,@RequestMapping(method = Array(RequestMethod.POST))
ANY,/people/{nick}/remarks,,,ShowRemarkController,showRemarks,src/main/scala/ru/org/linux/user/ShowRemarkController.scala,26,"@RequestMapping(Array(""/people/{nick}/remarks""))"
GET,/people/{nick}/settings,,,EditSettingsController,showForm,src/main/scala/ru/org/linux/user/EditSettingsController.scala,37,@RequestMapping(method = Array(RequestMethod.GET))
POST,/people/{nick}/settings,,,EditSettingsController,updateSettings,src/main/scala/ru/org/linux/user/EditSettingsController.scala,78,@RequestMapping(method = Array(RequestMethod.POST))
ANY,/people/{nick}/tracked,,,UserTopicListController,showUserWatches,src/main/scala/ru/org/linux/topic/UserTopicListController.scala,161,"@RequestMapping(value = Array(""tracked""))"
ANY,/poll.boxlet,,,PollBoxlet,getData,src/main/scala/ru/org/linux/poll/PollBoxlet.scala,30,"@RequestMapping(Array(""/poll.boxlet""))"
ANY,/polls/archive,,,ArchiveController,pollsArchive,src/main/scala/ru/org/linux/topic/ArchiveController.scala,82,"@RequestMapping(path = Array(""/polls/archive""))"
ANY,/polls/{group}/{id}/history,,,EditHistoryController,showEditInfo,src/main/scala/ru/org/linux/edithistory/EditHistoryController.scala,35,"@RequestMapping(Array(""/news/{group}/{id}/history"", ""/forum/{group}/{id}/history"", ""/gallery/{group}/{id}/history"", ""/polls/{group}/{id}/history"", ""/articles/{group}/{id}/history""))"
ANY,/polls/{group}/{id}/{commentid}/history,,,EditHistoryController,showCommentEditInfo,src/main/scala/ru/org/linux/edithistory/EditHistoryController.scala,60,"@RequestMapping(Array(""/news/{group}/{id}/{commentid}/history"", ""/forum/{group}/{id}/{commentid}/history"", ""/gallery/{group}/{id}/{commentid}/history"", ""/polls/{group}/{id}/{commentid}/history"", ""/articles/{group}/{id}/{commentid}/history""))"
GET,/post-warning,,,WarningController,showForm,src/main/scala/ru/org/linux/warning/WarningController.scala,50,"@RequestMapping(value = Array(""/post-warning""), method = Array(RequestMethod.GET))"
POST,/post-warning,,,WarningController,post,src/main/scala/ru/org/linux/warning/WarningController.scala,98,"@RequestMapping(value = Array(""/post-warning""), method = Array(RequestMethod.POST))"
GET,/reactions,comment,,ReactionController,commentReaction,src/main/scala/ru/org/linux/reaction/ReactionController.scala,44,"@RequestMapping(params = Array(""comment""), method = Array(RequestMethod.GET))"
POST,/reactions,comment,,ReactionController,setCommentReaction,src/main/scala/ru/org/linux/reaction/ReactionController.scala,90,"@RequestMapping(params = Array(""comment""), method = Array(RequestMethod.POST))"
GET,/reactions,!comment,,ReactionController,topicReaction,src/main/scala/ru/org/linux/reaction/ReactionController.scala,114,"@RequestMapping(params = Array(""!comment""), method = Array(RequestMethod.GET))"
POST,/reactions,!comment,,ReactionController,setTopicReaction,src/main/scala/ru/org/linux/reaction/ReactionController.scala,162,"@RequestMapping(params = Array(""!comment""), method = Array(RequestMethod.POST))"
POST,/reactions/ajax,comment,,ReactionController,setCommentReactionAjax,src/main/scala/ru/org/linux/reaction/ReactionController.scala,101,"@RequestMapping(value=Array(""/ajax""), params = Array(""comment""), method = Array(RequestMethod.POST))"
POST,/reactions/ajax,!comment,,ReactionController,setTopicReactionAjax,src/main/scala/ru/org/linux/reaction/ReactionController.scala,172,"@RequestMapping(value = Array(""/ajax""), params = Array(""!comment""), method = Array(RequestMethod.POST))"
GET,/register.jsp,,,RegisterController,register,src/main/scala/ru/org/linux/user/RegisterController.scala,50,"@RequestMapping(value = Array(""/register.jsp""), method = Array(RequestMethod.GET))"
POST,/register.jsp,,,RegisterController,doRegister,src/main/scala/ru/org/linux/user/RegisterController.scala,65,"@RequestMapping(value = Array(""/register.jsp""), method = Array(RequestMethod.POST))"
POST,/remove-userpic.jsp,,,UserModificationController,removeUserpic,src/main/scala/ru/org/linux/user/UserModificationController.scala,267,"@RequestMapping(value = Array(""/remove-userpic.jsp""), method = Array(RequestMethod.POST))"
GET,/reset-password,,,ResetPasswordController,showCodeForm,src/main/scala/ru/org/linux/user/ResetPasswordController.scala,47,"@RequestMapping(value = Array(""/reset-password""), method = Array(RequestMethod.GET))"
POST,/reset-password,,,ResetPasswordController,resetPassword,src/main/scala/ru/org/linux/user/ResetPasswordController.scala,50,"@RequestMapping(value = Array(""/reset-password""), method = Array(RequestMethod.POST))"
ANY,/resolve.jsp,,,ResolveController,resolve,src/main/scala/ru/org/linux/topic/ResolveController.scala,29,"@RequestMapping(Array(""/resolve.jsp""))"
ANY,/sameip.jsp,,,SameIPController,sameIP,src/main/scala/ru/org/linux/admin/SameIPController.scala,59,"@RequestMapping(Array(""/sameip.jsp""))"
"GET,HEAD",/search.jsp,,,SearchController,search,src/main/scala/ru/org/linux/search/SearchController.scala,56,"@RequestMapping(value = Array(""/search.jsp""), method = Array(RequestMethod.GET, RequestMethod.HEAD))"
ANY,/section-rss.jsp,,,TopicListController,showRSS,src/main/scala/ru/org/linux/topic/TopicListController.scala,240,"@RequestMapping(path = Array(""/section-rss.jsp""))"
GET,/setpostscore.jsp,,,TopicModificationController,showForm,src/main/scala/ru/org/linux/topic/TopicModificationController.scala,41,"@RequestMapping(value = Array(""/setpostscore.jsp""), method = Array(RequestMethod.GET))"
POST,/setpostscore.jsp,,,TopicModificationController,modifyTopic,src/main/scala/ru/org/linux/topic/TopicModificationController.scala,51,"@RequestMapping(value = Array(""/setpostscore.jsp""), method = Array(RequestMethod.POST))"
ANY,/show-comments.jsp,,,ShowCommentsController,showComments,src/main/scala/ru/org/linux/comment/ShowCommentsController.scala,32,"@RequestMapping(Array(""/show-comments.jsp""))"
"GET,HEAD",/show-replies.jsp,"!output,!nick",,UserEventController,showNotificationsOld,src/main/scala/ru/org/linux/user/UserEventController.scala,191,"@RequestMapping(value = Array(""/show-replies.jsp""), method = Array(RequestMethod.GET, RequestMethod.HEAD), params = Array(""!output"", ""!nick""))"
"GET,HEAD",/show-replies.jsp,!output,,UserEventController,showNotificationsForModerator,src/main/scala/ru/org/linux/user/UserEventController.scala,197,"@RequestMapping(value = Array(""/show-replies.jsp""), method = Array(RequestMethod.GET, RequestMethod.HEAD), params = Array(""!output""))"
"GET,HEAD",/show-replies.jsp,output,,UserEventController,repliesFeed,src/main/scala/ru/org/linux/user/UserEventController.scala,254,"@RequestMapping(value = Array(""/show-replies.jsp""), method = Array(RequestMethod.GET, RequestMethod.HEAD), params = Array(""output""))"
GET,/show-topics.jsp,,,TopicListController,showUserTopics,src/main/scala/ru/org/linux/topic/TopicListController.scala,231,"@RequestMapping(value = Array(""/show-topics.jsp""), method = Array(RequestMethod.GET))"
"GET,HEAD",/tag/{tag},,,TagPageController,tagPage,src/main/scala/ru/org/linux/tag/TagPageController.scala,61,"@RequestMapping(method = Array(RequestMethod.GET, RequestMethod.HEAD))"
"GET,HEAD",/tag/{tag},section,,TagTopicListController,tagFeed,src/main/scala/ru/org/linux/topic/TagTopicListController.scala,74,"@RequestMapping( value = Array(""/tag/{tag}""), method = Array(RequestMethod.GET, RequestMethod.HEAD), params = Array(""section""))"
ANY,/tags,,,TagController,showDefaultTagListHandlertags,src/main/scala/ru/org/linux/tag/TagController.scala,40,"@RequestMapping(path = Array(""/tags""))"
ANY,/tags,term,,TagController,showTagListHandlerJSON,src/main/scala/ru/org/linux/tag/TagController.scala,93,"@RequestMapping(value = Array(""/tags""), params = Array(""term""))"
ANY,/tags.jsp,,,TagController,oldTagsRedirectHandler,src/main/scala/ru/org/linux/tag/TagController.scala,83,"@RequestMapping(path = Array(""/tags.jsp""))"
GET,/tags/change,,,TagController,changeTagShowFormHandler,src/main/scala/ru/org/linux/tag/TagController.scala,107,"@RequestMapping(value = Array(""/tags/change""), method = Array(RequestMethod.GET))"
POST,/tags/change,,,TagController,changeTagSubmitHandler,src/main/scala/ru/org/linux/tag/TagController.scala,133,"@RequestMapping(value = Array(""/tags/change""), method = Array(RequestMethod.POST))"
GET,/tags/delete,,,TagController,deleteTagShowFormHandler,src/main/scala/ru/org/linux/tag/TagController.scala,169,"@RequestMapping(value = Array(""/tags/delete""), method = Array(RequestMethod.GET))"
POST,/tags/delete,,,TagController,deleteTagSubmitHandler,src/main/scala/ru/org/linux/tag/TagController.scala,193,"@RequestMapping(value = Array(""/tags/delete""), method = Array(RequestMethod.POST))"
ANY,/tags/{firstLetter},,,TagController,showTagListHandler,src/main/scala/ru/org/linux/tag/TagController.scala,50,"@RequestMapping(path = Array(""/tags/{firstLetter}""))"
ANY,/top10.boxlet,,,TopTenBoxlet,getData,src/main/scala/ru/org/linux/boxlets/TopTenBoxlet.scala,28,"@RequestMapping(path = Array(""/top10.boxlet""))"
ANY,/tracker,,,TrackerController,tracker,src/main/scala/ru/org/linux/tracker/TrackerController.scala,68,"@RequestMapping(path = Array(""/tracker""))"
ANY,/tracker.jsp,,,TrackerController,trackerOldUrl,src/main/scala/ru/org/linux/tracker/TrackerController.scala,36,"@RequestMapping(path = Array(""/tracker.jsp""))"
GET,/uncommit.jsp,,,TopicModificationController,uncommitForm,src/main/scala/ru/org/linux/topic/TopicModificationController.scala,155,"@RequestMapping(value = Array(""/uncommit.jsp""), method = Array(RequestMethod.GET))"
POST,/uncommit.jsp,,,TopicModificationController,uncommit,src/main/scala/ru/org/linux/topic/TopicModificationController.scala,167,"@RequestMapping(value = Array(""/uncommit.jsp""), method = Array(RequestMethod.POST))"
GET,/undelete,,,DeleteTopicController,undeleteForm,src/main/scala/ru/org/linux/topic/DeleteTopicController.scala,104,"@RequestMapping(value = Array(""/undelete""), method = Array(RequestMethod.GET))"
POST,/undelete,,,DeleteTopicController,undelete,src/main/scala/ru/org/linux/topic/DeleteTopicController.scala,115,"@RequestMapping(value = Array(""/undelete""), method = Array(RequestMethod.POST))"
GET,/undelete_comment,,,DeleteCommentController,showUndeleteForm,src/main/scala/ru/org/linux/comment/DeleteCommentController.scala,183,"@RequestMapping(value = Array(""/undelete_comment""), method = Array(RequestMethod.GET))"
POST,/undelete_comment,,,DeleteCommentController,undelete,src/main/scala/ru/org/linux/comment/DeleteCommentController.scala,203,"@RequestMapping(value = Array(""/undelete_comment""), method = Array(RequestMethod.POST))"
"GET,HEAD",/user-filter,,,UserFilterController,showList,src/main/scala/ru/org/linux/user/UserFilterController.scala,34,"@RequestMapping(value = Array(""/user-filter""), method = Array(RequestMethod.GET, RequestMethod.HEAD))"
POST,/user-filter/favorite-tag,add,,UserFilterController,favoriteTagAddHTML,src/main/scala/ru/org/linux/user/UserFilterController.scala,105,"@RequestMapping(value = Array(""/user-filter/favorite-tag""), method = Array(RequestMethod.POST), params = Array(""add""))"
POST,/user-filter/favorite-tag,add,,UserFilterController,favoriteTagAddJSON,src/main/scala/ru/org/linux/user/UserFilterController.scala,127,"@RequestMapping(value = Array(""/user-filter/favorite-tag""), method = Array(RequestMethod.POST), params = Array(""add""), headers = Array(""Accept=application/json""))"
POST,/user-filter/favorite-tag,del,,UserFilterController,favoriteTagDel,src/main/scala/ru/org/linux/user/UserFilterController.scala,148,"@RequestMapping(value = Array(""/user-filter/favorite-tag""), method = Array(RequestMethod.POST), params = Array(""del""))"
POST,/user-filter/favorite-tag,del,,UserFilterController,favoriteTagDelJSON,src/main/scala/ru/org/linux/user/UserFilterController.scala,162,"@RequestMapping(value = Array(""/user-filter/favorite-tag""), method = Array(RequestMethod.POST), params = Array(""del""), headers = Array(""Accept=application/json""))"
POST,/user-filter/ignore-tag,add,,UserFilterController,ignoreTagAdd,src/main/scala/ru/org/linux/user/UserFilterController.scala,175,"@RequestMapping(value = Array(""/user-filter/ignore-tag""), method = Array(RequestMethod.POST), params = Array(""add""))"
POST,/user-filter/ignore-tag,add,,UserFilterController,ignoreTagAddJSON,src/main/scala/ru/org/linux/user/UserFilterController.scala,202,"@RequestMapping(value = Array(""/user-filter/ignore-tag""), method = Array(RequestMethod.POST), params = Array(""add""), headers = Array(""Accept=application/json""))"
POST,/user-filter/ignore-tag,del,,UserFilterController,ignoreTagDel,src/main/scala/ru/org/linux/user/UserFilterController.scala,230,"@RequestMapping(value = Array(""/user-filter/ignore-tag""), method = Array(RequestMethod.POST), params = Array(""del""))"
POST,/user-filter/ignore-tag,del,,UserFilterController,ignoreTagDelJSON,src/main/scala/ru/org/linux/user/UserFilterController.scala,250,"@RequestMapping(value = Array(""/user-filter/ignore-tag""), method = Array(RequestMethod.POST), params = Array(""del""), headers = Array(""Accept=application/json""))"
POST,/user-filter/ignore-user,add,,UserFilterController,listAdd,src/main/scala/ru/org/linux/user/UserFilterController.scala,67,"@RequestMapping(value = Array(""/user-filter/ignore-user""), method = Array(RequestMethod.POST), params = Array(""add""))"
POST,/user-filter/ignore-user,del,,UserFilterController,listDel,src/main/scala/ru/org/linux/user/UserFilterController.scala,90,"@RequestMapping(value = Array(""/user-filter/ignore-user""), method = Array(RequestMethod.POST), params = Array(""del""))"
POST,/usermod.jsp,action=block,,UserModificationController,blockUser,src/main/scala/ru/org/linux/user/UserModificationController.scala,92,"@RequestMapping(value = Array(""/usermod.jsp""), method = Array(RequestMethod.POST), params = Array(""action=block""))"
POST,/usermod.jsp,action=score50,,UserModificationController,score50,src/main/scala/ru/org/linux/user/UserModificationController.scala,116,"@RequestMapping(value = Array(""/usermod.jsp""), method = Array(RequestMethod.POST), params = Array(""action=score50""))"
POST,/usermod.jsp,action=unblock,,UserModificationController,unblockUser,src/main/scala/ru/org/linux/user/UserModificationController.scala,133,"@RequestMapping(value = Array(""/usermod.jsp""), method = Array(RequestMethod.POST), params = Array(""action=unblock""))"
POST,/usermod.jsp,action=block-n-delete-comments,,UserModificationController,blockAndMassiveDeleteCommentUser,src/main/scala/ru/org/linux/user/UserModificationController.scala,152,"@RequestMapping(value = Array(""/usermod.jsp""), method = Array(RequestMethod.POST), params = Array(""action=block-n-delete-comments""))"
POST,/usermod.jsp,action=toggle_corrector,,UserModificationController,toggleUserCorrector,src/main/scala/ru/org/linux/user/UserModificationController.scala,191,"@RequestMapping(value = Array(""/usermod.jsp""), method = Array(RequestMethod.POST), params = Array(""action=toggle_corrector""))"
POST,/usermod.jsp,action=reset-password,,UserModificationController,resetPassword,src/main/scala/ru/org/linux/user/UserModificationController.scala,210,"@RequestMapping(value = Array(""/usermod.jsp""), method = Array(RequestMethod.POST), params = Array(""action=reset-password""))"
POST,/usermod.jsp,action=remove_userinfo,,UserModificationController,removeUserInfo,src/main/scala/ru/org/linux/user/UserModificationController.scala,231,"@RequestMapping(value = Array(""/usermod.jsp""), method = Array(RequestMethod.POST), params = Array(""action=remove_userinfo""))"
POST,/usermod.jsp,action=remove_town,,UserModificationController,removeTown,src/main/scala/ru/org/linux/user/UserModificationController.scala,245,"@RequestMapping(value = Array(""/usermod.jsp""), method = Array(RequestMethod.POST), params = Array(""action=remove_town""))"
POST,/usermod.jsp,action=remove_url,,UserModificationController,removeUrl,src/main/scala/ru/org/linux/user/UserModificationController.scala,256,"@RequestMapping(value = Array(""/usermod.jsp""), method = Array(RequestMethod.POST), params = Array(""action=remove_url""))"
POST,/usermod.jsp,action=freeze,,UserModificationController,freezeUser,src/main/scala/ru/org/linux/user/UserModificationController.scala,291,"@RequestMapping(value = Array(""/usermod.jsp""), method = Array(RequestMethod.POST), params = Array(""action=freeze""))"
ANY,/view-deleted,,,DeletedCommentController,viewDeleted,src/main/scala/ru/org/linux/comment/DeletedCommentController.scala,35,"@RequestMapping(Array(""/view-deleted""))"
ANY,/view-message.jsp,,,TopicController,getMessageOld,src/main/scala/ru/org/linux/topic/TopicController.scala,359,"@RequestMapping(path = Array(""/view-message.jsp""))"
"GET,HEAD",/view-news.jsp,tag,,TagTopicListController,tagFeedOld,src/main/scala/ru/org/linux/topic/TagTopicListController.scala,168,"@RequestMapping( value = Array(""/view-news.jsp""), method = Array(RequestMethod.GET, RequestMethod.HEAD), params = Array(""tag""))"
ANY,/view-section.jsp,,,SectionController,oldLink,src/main/scala/ru/org/linux/section/SectionController.scala,45,"@RequestMapping(value = Array(""/view-section.jsp""))"
POST,/vote.jsp,,,VoteController,vote,src/main/scala/ru/org/linux/poll/VoteController.scala,30,"@RequestMapping(value = Array(""/vote.jsp""), method = Array(RequestMethod.POST))"
ANY,/whois.jsp,,,WhoisController,getInfo,src/main/scala/ru/org/linux/user/WhoisController.scala,162,"@RequestMapping(path = Array(""/whois.jsp""))"
GET,/yandex-tableau,,application/json,UserEventApiController,getYandexWidget,src/main/scala/ru/org/linux/user/UserEventApiController.scala,47,"@RequestMapping(value = Array(""/yandex-tableau""), method = Array(RequestMethod.GET), produces = Array(""application/json""))"
ANY,/{section}/,,,TopicListController,topics,src/main/scala/ru/org/linux/topic/TopicListController.scala,167,"@RequestMapping(path = Array(""/{section:(?:news)|(?:polls)|(?:articles)|(?:gallery)}/""))"
ANY,/{section}/archive/{year}/{month},,,TopicListController,sectionArchive,src/main/scala/ru/org/linux/topic/TopicListController.scala,218,"@RequestMapping(path = Array(""/{section}/archive/{year:\\d{4}}/{month}""))"
ANY,/{section}/{group},,,TopicListController,topicsByGroup,src/main/scala/ru/org/linux/topic/TopicListController.scala,203,"@RequestMapping(path = Array(""/{section:(?:news)|(?:polls)|(?:articles)|(?:gallery)}/{group:[^.]+}""))"
ANY,/{section}/{group}/{id},,,TopicController,getMessageMain,src/main/scala/ru/org/linux/topic/TopicController.scala,98,"@RequestMapping(value = Array(""/{section:(?:forum)|(?:news)|(?:polls)|(?:articles)|(?:gallery)}/{group}/{id}""))"
GET,/{section}/{group}/{id}/page{page},,,TopicController,getMessagePage,src/main/scala/ru/org/linux/topic/TopicController.scala,127,"@RequestMapping(value = Array(""/{section:(?:forum)|(?:news)|(?:polls)|(?:articles)|(?:gallery)}/{group}/{id}/page{page}""), method = Array(RequestMethod.GET))"
GET,/{section}/{group}/{id}/thread/{threadRoot},,,TopicController,getMessageThread,src/main/scala/ru/org/linux/topic/TopicController.scala,143,"@RequestMapping(value = Array(""/{section:(?:forum)|(?:news)|(?:polls)|(?:articles)|(?:gallery)}/{group}/{id}/thread/{threadRoot}""), method = Array(RequestMethod.GET))"
