methods,path,handler,source,line
GET,/admin/geoip,get(geoip),src/routes/admin.rs,48
GET,/admin/email-domains,get(email_domains),src/routes/admin.rs,49
POST,/admin/email-domains/add,post(email_domains_add),src/routes/admin.rs,50
POST,/admin/email-domains/delete,post(email_domains_delete),src/routes/admin.rs,51
"GET,POST",/admin/search-reindex,"get(search_reindex_form).post(search_reindex),",src/routes/admin.rs,52
POST,/banip.jsp,post(ban_ip),src/routes/admin.rs,56
POST,/delip.jsp,post(del_ip),src/routes/admin.rs,57
GET,/sameip.jsp,get(same_ip),src/routes/admin.rs,58
"GET,POST",/groupmod.jsp,get(groupmod_form).post(groupmod_save),src/routes/admin.rs,59
"GET,POST",/usermod.jsp,get(usermod_get).post(usermod),src/routes/admin.rs,62
"GET,POST",/post-warning,get(post_warning_form).post(post_warning),src/routes/admin.rs,63
POST,/clear-warning,post(clear_warning),src/routes/admin.rs,64
ANY,/ExceptionResolver,any(exception_resolver),src/routes/legacy.rs,53
ANY,/errors/403,any(error_403),src/routes/legacy.rs,54
ANY,/errors/404,any(error_404),src/routes/legacy.rs,55
GET,/,get(topics::index),src/routes/mod.rs,35
GET,/index.jsp,get(topics::index),src/routes/mod.rs,36
GET,/about,get(about),src/routes/mod.rs,37
GET,/ws,get(realtime::websocket),src/routes/mod.rs,38
GET,/forum,get(groups::forum_index),src/routes/mod.rs,39
GET,/forum/,get(groups::forum_index),src/routes/mod.rs,40
GET,/forum/lenta,get(topics::lenta),src/routes/mod.rs,41
"GET,POST",/forum/{group},"get(groups::group_page).post(groups::group_page),",src/routes/mod.rs,42
GET,/forum/{group}/archive,get(groups::group_archive),src/routes/mod.rs,46
GET,/forum/{group}/archive/,get(groups::group_archive),src/routes/mod.rs,47
GET,/forum/{group}/{id},get(topics::topic_page),src/routes/mod.rs,48
GET,/forum/{group}/{id_or_year}/{page_or_month},"get(legacy::forum_page_or_archive),",src/routes/mod.rs,49
GET,/forum/{group}/{id_or_year}/{page_or_month}/,"get(legacy::forum_page_or_archive),",src/routes/mod.rs,53
GET,/news/,get(topics::section_topics),src/routes/mod.rs,57
GET,/news/{group},get(topics::section_group_topics),src/routes/mod.rs,58
GET,/news/{group}/{id},get(topics::topic_page),src/routes/mod.rs,59
GET,/news/{group}/{id}/{page_marker},"get(topics::topic_page_with_page),",src/routes/mod.rs,60
GET,/articles/,get(topics::section_topics),src/routes/mod.rs,64
GET,/articles/{group},get(topics::section_group_topics),src/routes/mod.rs,65
GET,/articles/{group}/{id},get(topics::topic_page),src/routes/mod.rs,66
GET,/articles/{group}/{id}/{page_marker},"get(topics::topic_page_with_page),",src/routes/mod.rs,67
GET,/gallery/,get(topics::section_topics),src/routes/mod.rs,71
GET,/gallery/preview/{file},get(media::gallery_preview),src/routes/mod.rs,72
GET,/gallery-uploads/preview/{file},"get(media::gallery_preview),",src/routes/mod.rs,73
GET,/gallery/{group},get(topics::section_group_topics),src/routes/mod.rs,77
GET,/gallery/{group}/{id},get(topics::topic_page),src/routes/mod.rs,78
GET,/gallery/{group}/{id}/{page_marker},"get(topics::topic_page_with_page),",src/routes/mod.rs,79
GET,/polls/,get(topics::section_topics),src/routes/mod.rs,83
GET,/polls/{group},get(topics::section_group_topics),src/routes/mod.rs,84
GET,/polls/{group}/{id},get(topics::topic_page),src/routes/mod.rs,85
GET,/polls/{group}/{id}/{page_marker},"get(topics::topic_page_with_page),",src/routes/mod.rs,86
GET,/images/{id}/{file},get(media::finalized_image),src/routes/mod.rs,90
GET,/photos/{file},get(media::userpic),src/routes/mod.rs,91
GET,/show-topics.jsp,get(topics::legacy_show_topics),src/routes/mod.rs,92
GET,/view-all.jsp,get(topics::view_all),src/routes/mod.rs,93
GET,/view-message.jsp,get(topics::legacy_view_message),src/routes/mod.rs,94
GET,/jump-message.jsp,get(comments::jump_message),src/routes/mod.rs,95
"GET,POST",/add.jsp,"get(topics::new_topic_form) .post(topics::create_topic) .layer(DefaultBodyLimit::max(34 * 1024 * 1024)),",src/routes/mod.rs,96
GET,/add-section.jsp,get(topics::choose_topic_section),src/routes/mod.rs,102
"GET,POST",/edit.jsp,topics::stEditTopicRoute(),src/routes/mod.rs,103
"GET,POST",/delete.jsp,topic_deletion::stDeleteRoute(),src/routes/mod.rs,104
"GET,POST",/undelete,topic_deletion::stUndeleteRoute(),src/routes/mod.rs,105
"GET,POST,PUT,DELETE,PATCH",/resolve.jsp,topic_moderation::stResolveRoute(),src/routes/mod.rs,106
"GET,POST",/add_comment.jsp,"get(comments::add_comment_form).post(comments::add_comment),",src/routes/mod.rs,107
POST,/add_comment_ajax,post(comments::add_comment_ajax),src/routes/mod.rs,111
"GET,POST,PUT,DELETE,PATCH",/comment-message.jsp,comments::stCommentMessageRoute(),src/routes/mod.rs,112
"GET,POST",/edit_comment,"get(comments::edit_comment_form).post(comments::edit_comment),",src/routes/mod.rs,113
"GET,POST",/delete_comment.jsp,comments::stDeleteCommentRoute(),src/routes/mod.rs,117
"GET,POST",/undelete_comment,comments::stUndeleteCommentRoute(),src/routes/mod.rs,118
GET,/search.jsp,get(search::search),src/routes/mod.rs,119
GET,/tags,get(tags::all_tags),src/routes/mod.rs,120
GET,/tags.jsp,get(tags::old_tags_redirect),src/routes/mod.rs,121
GET,/tags/{first_letter},get(tags::tags_by_letter),src/routes/mod.rs,122
GET,/tag/{tag},get(tags::tag_page),src/routes/mod.rs,123
GET,/people/{nick}/profile,get(users::profile_full),src/routes/mod.rs,127
GET,/people/{nick}/profile/,get(users::profile_full),src/routes/mod.rs,128
GET,/people/{nick}/reactions,get(users::reactions),src/routes/mod.rs,129
GET,/people/{nick}/reactions/{mode},"get(users::reactions_mode),",src/routes/mod.rs,130
GET,/people/{nick}/remarks,get(users::remarks),src/routes/mod.rs,134
GET,/whois.jsp,get(users::legacy_whois),src/routes/mod.rs,135
GET,/login.jsp,get(auth::login_form),src/routes/mod.rs,136
POST,/login_process,post(auth::login),src/routes/mod.rs,137
"GET,POST",/logout,get(auth::logout_link).post(auth::logout),src/routes/mod.rs,141
"GET,POST",/register.jsp,"get(auth::register_form).post(auth::register),",src/routes/mod.rs,142
"GET,POST",/lostpwd.jsp,"get(auth::lost_password_form).post(auth::lost_password),",src/routes/mod.rs,146
"GET,POST",/notifications,"get(api::notifications).post(api::notifications_mark_read),",src/routes/mod.rs,150
GET,/notifications-count,get(api::notifications_count),src/routes/mod.rs,154
POST,/notifications-reset,post(api::notifications_reset),src/routes/mod.rs,155
GET,/tracker,get(api::tracker),src/routes/mod.rs,156
GET,/tracker/,get(api::tracker),src/routes/mod.rs,157
GET,/tracker.jsp,get(api::tracker_old_redirect),src/routes/mod.rs,158
GET,/section-rss.jsp,get(rss::section_rss),src/routes/mod.rs,159
ANY,/top10.boxlet,any(api::top10_boxlet),src/routes/mod.rs,160
ANY,/articles.boxlet,any(api::articles_boxlet),src/routes/mod.rs,161
ANY,/poll.boxlet,any(api::poll_boxlet),src/routes/mod.rs,162
ANY,/gallery.boxlet,any(boxlets::gallery),src/routes/mod.rs,163
ANY,/tagcloud.boxlet,any(boxlets::tagCloud),src/routes/mod.rs,164
ANY,/ExceptionResolver,any(legacy::exception_resolver),src/routes/mod.rs,167
"GET,POST",/activate,"get(legacy::activate_form).post(legacy::activate_post),",src/routes/mod.rs,168
"GET,POST",/activate.jsp,"get(legacy::activate_form).post(legacy::activate_post),",src/routes/mod.rs,172
"GET,POST",/addphoto.jsp,"get(legacy::addphoto_form).post(legacy::upload_userpic),",src/routes/mod.rs,176
GET,/articles/archive,get(legacy::archive_section),src/routes/mod.rs,180
GET,/articles/archive/,get(legacy::archive_section),src/routes/mod.rs,181
GET,/commit.jsp,topics::stCommitTopicRoute(),src/routes/mod.rs,182
"GET,POST",/delete_image,"get(legacy::delete_image_form).post(legacy::delete_image),",src/routes/mod.rs,183
"GET,POST",/deregister.jsp,"get(legacy::deregister_form).post(legacy::deregister_post),",src/routes/mod.rs,187
ANY,/errors/403,any(legacy::error_403),src/routes/mod.rs,191
ANY,/errors/404,any(legacy::error_404),src/routes/mod.rs,192
GET,/gallery/archive,get(legacy::archive_section),src/routes/mod.rs,193
GET,/gallery/archive/,get(legacy::archive_section),src/routes/mod.rs,194
GET,/group-lastmod.jsp,get(legacy::group_lastmod_jsp),src/routes/mod.rs,195
GET,/group.jsp,get(legacy::group_jsp),src/routes/mod.rs,196
GET,/help/{page},get(legacy::help_page),src/routes/mod.rs,197
"GET,POST",/logout_all_sessions,"get(auth::logout_link).post(auth::logout_all_sessions),",src/routes/mod.rs,198
POST,/markup/preview,post(legacy::markup_preview),src/routes/mod.rs,202
POST,/memories.jsp,post(legacy::memories),src/routes/mod.rs,203
"GET,POST",/mt.jsp,topic_moderation::stMoveRoute(),src/routes/mod.rs,204
GET,/mtn.jsp,topic_moderation::stPremoderatedMoveRoute(),src/routes/mod.rs,205
GET,/news/archive,get(legacy::archive_section),src/routes/mod.rs,206
GET,/news/archive/,get(legacy::archive_section),src/routes/mod.rs,207
POST,/notifications-click,post(legacy::notifications_click),src/routes/mod.rs,208
POST,/notifications-click/ajax,"post(legacy::notifications_click_ajax),",src/routes/mod.rs,209
GET,/polls/archive,get(legacy::archive_section),src/routes/mod.rs,213
GET,/polls/archive/,get(legacy::archive_section),src/routes/mod.rs,214
"GET,POST",/reactions,"get(api::reactions_get).post(api::reactions_post),",src/routes/mod.rs,215
POST,/reactions/ajax,post(api::reactions_post_ajax),src/routes/mod.rs,219
POST,/remove-userpic.jsp,post(legacy::remove_userpic),src/routes/mod.rs,220
"GET,POST",/reset-password,"get(legacy::reset_password_form).post(auth::reset_password_with_code),",src/routes/mod.rs,221
"GET,POST",/setpostscore.jsp,"get(legacy::set_post_score_form).post(legacy::set_post_score),",src/routes/mod.rs,225
GET,/show-comments.jsp,get(legacy::show_comments_jsp),src/routes/mod.rs,229
GET,/show-replies.jsp,get(legacy::show_replies_jsp),src/routes/mod.rs,230
"GET,POST",/tags/change,"get(tags::change_form).post(tags::change_tag),",src/routes/mod.rs,231
"GET,POST",/tags/delete,"get(tags::delete_form).post(tags::delete_tag),",src/routes/mod.rs,235
"GET,POST",/uncommit.jsp,topic_moderation::stUncommitRoute(),src/routes/mod.rs,239
GET,/user-filter,get(legacy::user_filter),src/routes/mod.rs,240
POST,/user-filter/favorite-tag,post(legacy::favorite_tag),src/routes/mod.rs,241
POST,/user-filter/ignore-tag,post(legacy::ignore_tag),src/routes/mod.rs,242
POST,/user-filter/ignore-user,post(legacy::ignore_user),src/routes/mod.rs,243
GET,/view-deleted,get(legacy::view_deleted),src/routes/mod.rs,244
GET,/view-news.jsp,get(legacy::view_news_jsp),src/routes/mod.rs,245
GET,/view-section.jsp,get(legacy::view_section_jsp),src/routes/mod.rs,246
POST,/vote.jsp,post(api::vote),src/routes/mod.rs,247
GET,/yandex-tableau,get(legacy::yandex_tableau),src/routes/mod.rs,248
GET,/check-login,get(legacy::check_login),src/routes/mod.rs,249
GET,/people/{nick}/deleted-comments,"get(comments::deleted_comments_by_user),",src/routes/mod.rs,250
GET,/people/{nick}/deleted-topics,get(users::deleted_topics),src/routes/mod.rs,254
GET,/people/{nick}/drafts,get(users::drafts),src/routes/mod.rs,255
"GET,POST",/people/{nick}/edit,"get(users::edit_profile_form).post(users::edit_profile),",src/routes/mod.rs,256
GET,/people/{nick}/favs,get(users::favs),src/routes/mod.rs,260
GET,/people/{nick}/profile/wipe,get(users::profile_wipe),src/routes/mod.rs,261
"GET,POST",/people/{nick}/remark,"get(users::remark_form).post(users::save_remark),",src/routes/mod.rs,262
"GET,POST",/people/{nick}/settings,"get(users::settings).post(users::save_settings),",src/routes/mod.rs,266
"GET,POST",/people/{nick}/settings/,"get(users::settings).post(users::save_settings),",src/routes/mod.rs,270
GET,/people/{nick}/tracked,get(users::tracked),src/routes/mod.rs,274
GET,/people/{nick},get(users::topic_feed),src/routes/mod.rs,275
GET,/people/{nick}/,get(users::topic_feed),src/routes/mod.rs,276
GET,/forum/{group}/{id}/history,get(legacy::topic_history),src/routes/mod.rs,277
GET,/forum/{group}/{id}/{commentid}/history,"get(legacy::comment_history),",src/routes/mod.rs,278
GET,/news/{group}/{id}/history,get(legacy::topic_history),src/routes/mod.rs,282
GET,/news/{group}/{id}/{commentid}/history,"get(legacy::comment_history),",src/routes/mod.rs,283
GET,/articles/{group}/{id}/history,get(legacy::topic_history),src/routes/mod.rs,287
GET,/articles/{group}/{id}/{commentid}/history,"get(legacy::comment_history),",src/routes/mod.rs,288
GET,/gallery/{group}/{id}/history,get(legacy::topic_history),src/routes/mod.rs,292
GET,/gallery/{group}/{id}/{commentid}/history,"get(legacy::comment_history),",src/routes/mod.rs,293
GET,/polls/{group}/{id}/history,get(legacy::topic_history),src/routes/mod.rs,297
GET,/polls/{group}/{id}/{commentid}/history,"get(legacy::comment_history),",src/routes/mod.rs,298
GET,/news/archive/{year}/{month},"get(legacy::archive_section_month),",src/routes/mod.rs,302
GET,/news/archive/{year}/{month}/,"get(legacy::archive_section_month),",src/routes/mod.rs,306
GET,/articles/archive/{year}/{month},"get(legacy::archive_section_month),",src/routes/mod.rs,310
GET,/articles/archive/{year}/{month}/,"get(legacy::archive_section_month),",src/routes/mod.rs,314
GET,/gallery/archive/{year}/{month},"get(legacy::archive_section_month),",src/routes/mod.rs,318
GET,/gallery/archive/{year}/{month}/,"get(legacy::archive_section_month),",src/routes/mod.rs,322
GET,/polls/archive/{year}/{month},"get(legacy::archive_section_month),",src/routes/mod.rs,326
GET,/polls/archive/{year}/{month}/,"get(legacy::archive_section_month),",src/routes/mod.rs,330
GET,/forum/{group}/{id}/thread/{thread_root},"get(topics::topic_thread),",src/routes/mod.rs,334
GET,/news/{group}/{id}/thread/{thread_root},"get(topics::topic_thread),",src/routes/mod.rs,338
GET,/articles/{group}/{id}/thread/{thread_root},"get(topics::topic_thread),",src/routes/mod.rs,342
GET,/gallery/{group}/{id}/thread/{thread_root},"get(topics::topic_thread),",src/routes/mod.rs,346
GET,/polls/{group}/{id}/thread/{thread_root},"get(topics::topic_thread),",src/routes/mod.rs,350
GET,/ws,get(websocket),src/routes/realtime.rs,321
GET,/people/{nick}/settings,get(settings),src/routes/users.rs,2385
GET,/people/{nick}/edit,get(edit_profile_form),src/routes/users.rs,2386
GET,/people/{nick}/drafts,get(drafts),src/routes/users.rs,2387
